;BB;voc_nb_all;cond;age;zf0_Original;M_minus_NM;Type_protophone;zf0_Original_inv;p_margbabbling;difference_inv
0;1;15.0;p100;6.1;-0.34091750964407364;15.6935013720514;S;0.34091750964407364;0.7333333333333333;-15.6935013720514
1;1;16.0;p100;6.1;0.10740536214876532;16.86431062420354;S;-0.10740536214876532;0.7333333333333333;-16.86431062420354
2;1;17.0;p100;6.1;-0.9004111797802979;14.138535753870087;pB;0.9004111797802979;0.7333333333333333;-14.138535753870087
3;1;18.0;p100;6.1;0.16197139105204256;17.25094793181671;S;-0.16197139105204256;0.7333333333333333;-17.25094793181671
4;1;19.0;p100;6.1;0.2771066132734208;16.245597435480818;pB;-0.2771066132734208;0.7333333333333333;-16.245597435480818
5;1;20.0;p100;6.1;1.5137589774765141;20.278398099210335;pB;-1.5137589774765141;0.7333333333333333;-20.278398099210335
6;1;21.0;p100;6.1;-1.6020798068158453;10.499233062555277;V;1.6020798068158453;0.7333333333333333;-10.499233062555277
7;1;22.0;p100;6.1;1.9621308927229206;21.481123311204215;S;-1.9621308927229206;0.7333333333333333;-21.481123311204215
8;1;23.0;p100;6.1;0.2400777262972904;16.921003577856595;V;-0.2400777262972904;0.7333333333333333;-16.921003577856595
9;1;24.0;p100;6.1;-0.4189295862052219;15.912457640690775;S;0.4189295862052219;0.7333333333333333;-15.912457640690775
10;1;25.0;p100;6.1;0.745022454768083;18.573223957974108;pB;-0.745022454768083;0.7333333333333333;-18.573223957974108
11;1;26.0;p100;6.1;-0.34258105230440433;16.19714958481211;V;0.34258105230440433;0.7333333333333333;-16.19714958481211
12;1;27.0;p100;6.1;0.3158171111791519;14.816125473167176;pB;-0.3158171111791519;0.7333333333333333;-14.816125473167176
13;1;28.0;p100;6.1;1.0665623036567142;19.974735211223447;pB;-1.0665623036567142;0.7333333333333333;-19.974735211223447
14;1;29.0;p100;6.1;-0.42932883487765094;14.264518615086615;Cr;0.42932883487765094;0.7333333333333333;-14.264518615086615
15;1;30.0;p100;6.1;-0.4921920495632269;14.981900856012032;V;0.4921920495632269;0.7333333333333333;-14.981900856012032
16;12;9.0;m100;6.3;-1.499579584341137;-21.23138661715771;V;-1.499579584341137;0.7619047619047619;-21.23138661715771
17;12;10.0;m100;6.3;11.771459990494979;-35.078551088138454;S;11.771459990494979;0.7619047619047619;-35.078551088138454
18;12;11.0;m100;6.3;0.9641859099734551;-25.666523769863034;V;0.9641859099734551;0.7619047619047619;-25.666523769863034
19;12;12.0;m100;6.3;1.8171390682177726;-21.134541772188186;B;1.8171390682177726;0.7619047619047619;-21.134541772188186
20;12;13.0;m100;6.3;0.04120551053921452;-23.56813171405119;V;0.04120551053921452;0.7619047619047619;-23.56813171405119
21;12;14.0;m100;6.3;4.364594029091535;-18.954365744296297;V;4.364594029091535;0.7619047619047619;-18.954365744296297
22;12;15.0;m100;6.3;2.5017343675033974;-26.067623650036808;Cr;2.5017343675033974;0.7619047619047619;-26.067623650036808
23;12;16.0;m100;6.3;1.7436829305422195;-25.816144243554277;Cr;1.7436829305422195;0.7619047619047619;-25.816144243554277
24;12;17.0;m100;6.3;12.329211743086187;-35.642516085851355;Cr;12.329211743086187;0.7619047619047619;-35.642516085851355
25;12;18.0;m100;6.3;1.2846842022866587;-22.42692968850872;V;1.2846842022866587;0.7619047619047619;-22.42692968850872
26;12;19.0;m100;6.3;-0.028187603854070393;-23.338542451245644;V;-0.028187603854070393;0.7619047619047619;-23.338542451245644
27;12;20.0;m100;6.3;3.432573806852004;-20.427715783863277;Gr;3.432573806852004;0.7619047619047619;-20.427715783863277
28;12;21.0;m100;6.3;2.0970548725788145;-25.70176278182197;pB;2.0970548725788145;0.7619047619047619;-25.70176278182197
29;15;10.0;p100;6.466666666666667;-0.23542017714122854;-0.32421987061434265;Gr;0.23542017714122854;0.5833333333333334;0.32421987061434265
30;15;11.0;p100;6.466666666666667;-0.7411926036957197;25.951721023137907;pB;0.7411926036957197;0.5833333333333334;-25.951721023137907
31;15;12.0;p100;6.466666666666667;-0.9021360025507781;25.11105292326937;pB;0.9021360025507781;0.5833333333333334;-25.11105292326937
32;18;23.0;m100;7.166666666666667;1.686621975895539;-41.1966999137469;S;1.686621975895539;0.2222222222222222;-41.1966999137469
33;18;24.0;m100;7.166666666666667;0.7126981002305491;-35.15477594920111;L;0.7126981002305491;0.2222222222222222;-35.15477594920111
34;18;25.0;m100;7.166666666666667;0.5547056889220292;-36.53928249826225;L;0.5547056889220292;0.2222222222222222;-36.53928249826225
35;18;26.0;m100;7.166666666666667;0.24713704989344104;-35.38696205071324;S;0.24713704989344104;0.2222222222222222;-35.38696205071324
36;18;27.0;m100;7.166666666666667;1.312215420940875;-38.04700503468678;L;1.312215420940875;0.2222222222222222;-38.04700503468678
37;18;28.0;m100;7.166666666666667;0.33972509908786247;-30.59297092390375;L;0.33972509908786247;0.2222222222222222;-30.59297092390375
38;18;29.0;m100;7.166666666666667;0.443947306936192;-35.566645701736206;V;0.443947306936192;0.2222222222222222;-35.566645701736206
39;18;30.0;m100;7.166666666666667;-2.210807647704495;-22.42948173622858;L;-2.210807647704495;0.2222222222222222;-22.42948173622858
40;18;31.0;m100;7.166666666666667;0.7790326250050703;-38.486513074191464;L;0.7790326250050703;0.2222222222222222;-38.486513074191464
41;18;32.0;m100;7.166666666666667;2.4408222449608483;-43.392605269707246;S;2.4408222449608483;0.2222222222222222;-43.392605269707246
42;18;33.0;m100;7.166666666666667;1.8370488364229394;-41.53639891655246;S;1.8370488364229394;0.2222222222222222;-41.53639891655246
43;18;34.0;m100;7.166666666666667;1.1348030628473653;-37.15271410113138;L;1.1348030628473653;0.2222222222222222;-37.15271410113138
44;18;35.0;m100;7.166666666666667;1.306694347610452;-37.09835680716276;L;1.306694347610452;0.2222222222222222;-37.09835680716276
45;18;36.0;m100;7.166666666666667;2.0525426373294695;-41.69468955353955;S;2.0525426373294695;0.2222222222222222;-41.69468955353955
46;18;37.0;m100;7.166666666666667;1.507493981120211;-40.60085573373078;S;1.507493981120211;0.2222222222222222;-40.60085573373078
47;18;38.0;m100;7.166666666666667;1.7772688634004215;-42.49673774729149;S;1.7772688634004215;0.2222222222222222;-42.49673774729149
48;18;39.0;m100;7.166666666666667;2.423834695929775;-46.56992738692804;L;2.423834695929775;0.2222222222222222;-46.56992738692804
49;18;40.0;m100;7.166666666666667;2.0189672830856398;-39.118563764318765;S;2.0189672830856398;0.2222222222222222;-39.118563764318765
50;18;41.0;m100;7.166666666666667;-0.48311692329298755;-31.628223950354993;V;-0.48311692329298755;0.2222222222222222;-31.628223950354993
51;18;42.0;m100;7.166666666666667;1.5534811024343669;-40.19135300664607;S;1.5534811024343669;0.2222222222222222;-40.19135300664607
52;18;43.0;m100;7.166666666666667;-1.4573122157818337;-25.863450692904223;pB;-1.4573122157818337;0.2222222222222222;-25.863450692904223
53;18;44.0;m100;7.166666666666667;-1.3219265729517886;-25.443844404265576;V;-1.3219265729517886;0.2222222222222222;-25.443844404265576
54;18;45.0;m100;7.166666666666667;-0.9486867378816513;-26.863268575255404;V;-0.9486867378816513;0.2222222222222222;-26.863268575255404
55;18;46.0;m100;7.166666666666667;-0.3224511224736643;-31.90469150388367;V;-0.3224511224736643;0.2222222222222222;-31.90469150388367
56;18;47.0;m100;7.166666666666667;-1.255018420659895;-14.900182121818432;pB;-1.255018420659895;0.2222222222222222;-14.900182121818432
57;18;48.0;m100;7.166666666666667;0.20250353870276303;-35.49939167906035;L;0.20250353870276303;0.2222222222222222;-35.49939167906035
58;18;49.0;m100;7.166666666666667;-0.5696095907102565;-30.704999916205793;V;-0.5696095907102565;0.2222222222222222;-30.704999916205793
59;18;50.0;m100;7.166666666666667;-0.09483196190311718;-31.362506164669526;L;-0.09483196190311718;0.2222222222222222;-31.362506164669526
60;18;51.0;m100;7.166666666666667;0.1867803409050301;-32.05095295449536;L;0.1867803409050301;0.2222222222222222;-32.05095295449536
61;18;52.0;m100;7.166666666666667;1.5036569950550356;-43.37124350994793;L;1.5036569950550356;0.2222222222222222;-43.37124350994793
62;18;53.0;m100;7.166666666666667;2.6238341771735527;-34.17660151576865;L;2.6238341771735527;0.2222222222222222;-34.17660151576865
63;18;54.0;m100;7.166666666666667;2.4976937558851016;-40.97603892865902;L;2.4976937558851016;0.2222222222222222;-40.97603892865902
64;18;55.0;m100;7.166666666666667;;;L;;0.2222222222222222;
65;18;56.0;m100;7.166666666666667;0.8796381372884258;-37.14246233090921;S;0.8796381372884258;0.2222222222222222;-37.14246233090921
66;18;57.0;m100;7.166666666666667;-1.2752202956642174;-26.170144054976333;pB;-1.2752202956642174;0.2222222222222222;-26.170144054976333
67;18;58.0;m100;7.166666666666667;-1.6648359487131579;-24.281785679507664;Gr;-1.6648359487131579;0.2222222222222222;-24.281785679507664
68;18;59.0;m100;7.166666666666667;0.6421184019914827;-36.51229786507167;S;0.6421184019914827;0.2222222222222222;-36.51229786507167
69;18;60.0;m100;7.166666666666667;-1.036695755764763;-29.881865434800773;L;-1.036695755764763;0.2222222222222222;-29.881865434800773
70;18;61.0;m100;7.166666666666667;1.4934278843134323;-41.57689282838976;S;1.4934278843134323;0.2222222222222222;-41.57689282838976
71;18;62.0;m100;7.166666666666667;1.4588151945706254;-39.63878623167602;S;1.4588151945706254;0.2222222222222222;-39.63878623167602
72;18;63.0;m100;7.166666666666667;-1.0198000836167478;-28.234929297810368;Gr;-1.0198000836167478;0.2222222222222222;-28.234929297810368
73;21;9.0;m100;6.466666666666667;-0.5990139058509137;-20.629465662529753;pB;-0.5990139058509137;0.6774193548387096;-20.629465662529753
74;21;10.0;m100;6.466666666666667;-0.7003030013730323;-24.87049282754319;V;-0.7003030013730323;0.6774193548387096;-24.87049282754319
75;21;11.0;m100;6.466666666666667;0.39520066732034725;-25.96528693589289;Gr;0.39520066732034725;0.6774193548387096;-25.96528693589289
76;21;12.0;m100;6.466666666666667;-0.9563078932957667;24.875112622098015;V;-0.9563078932957667;0.6774193548387096;24.875112622098015
77;21;13.0;m100;6.466666666666667;0.501274119313962;-25.92444340221681;V;0.501274119313962;0.6774193548387096;-25.92444340221681
78;21;14.0;m100;6.466666666666667;-0.7742880731520032;-24.71884769584028;V;-0.7742880731520032;0.6774193548387096;-24.71884769584028
79;21;15.0;m100;6.466666666666667;-0.6213469873202513;-25.003817387119994;V;-0.6213469873202513;0.6774193548387096;-25.003817387119994
80;21;16.0;m100;6.466666666666667;-0.6652225243208825;-25.04386238234821;V;-0.6652225243208825;0.6774193548387096;-25.04386238234821
81;21;17.0;m100;6.466666666666667;-0.18522637119392196;-24.230538952384904;Gr;-0.18522637119392196;0.6774193548387096;-24.230538952384904
82;21;18.0;m100;6.466666666666667;-0.6212928952380219;-24.55703799933761;V;-0.6212928952380219;0.6774193548387096;-24.55703799933761
83;21;19.0;m100;6.466666666666667;-0.8265053728702452;-23.77849733446223;V;-0.8265053728702452;0.6774193548387096;-23.77849733446223
84;21;20.0;m100;6.466666666666667;-1.1952412941269306;-22.097772603902598;V;-1.1952412941269306;0.6774193548387096;-22.097772603902598
85;21;21.0;m100;6.466666666666667;-1.056474319664595;-22.442363186056383;V;-1.056474319664595;0.6774193548387096;-22.442363186056383
86;21;22.0;m100;6.466666666666667;-0.7559852078646303;-23.77716967966208;V;-0.7559852078646303;0.6774193548387096;-23.77716967966208
87;21;23.0;m100;6.466666666666667;-1.1426404616083192;-22.93781535320204;pB;-1.1426404616083192;0.6774193548387096;-22.93781535320204
88;21;24.0;m100;6.466666666666667;-0.013722320434157598;-26.70683086859833;Gr;-0.013722320434157598;0.6774193548387096;-26.70683086859833
89;21;25.0;m100;6.466666666666667;0.15081077541598772;-26.761676406844458;Gr;0.15081077541598772;0.6774193548387096;-26.761676406844458
90;21;26.0;m100;6.466666666666667;-1.4860493511639634;-21.921598334215872;Gr;-1.4860493511639634;0.6774193548387096;-21.921598334215872
91;21;27.0;m100;6.466666666666667;-0.17727192166365882;-25.326135283071096;Gr;-0.17727192166365882;0.6774193548387096;-25.326135283071096
92;21;28.0;m100;6.466666666666667;-0.38342746403992356;-24.506427690052305;V;-0.38342746403992356;0.6774193548387096;-24.506427690052305
93;21;29.0;m100;6.466666666666667;0.5795007318757721;-28.340998420255517;Gr;0.5795007318757721;0.6774193548387096;-28.340998420255517
94;21;30.0;m100;6.466666666666667;0.5386168762710156;-24.85034934211268;Gr;0.5386168762710156;0.6774193548387096;-24.85034934211268
95;21;31.0;m100;6.466666666666667;-1.2288336817540104;-22.12166118616483;Gr;-1.2288336817540104;0.6774193548387096;-22.12166118616483
96;23;6.0;m100;6.433333333333334;6.600331230573087;-39.96694824049092;S;6.600331230573087;0.7307692307692307;-39.96694824049092
97;23;7.0;m100;6.433333333333334;4.042044994651094;-33.52907956888356;S;4.042044994651094;0.7307692307692307;-33.52907956888356
98;23;8.0;m100;6.433333333333334;5.274997174308902;-36.15636967584044;S;5.274997174308902;0.7307692307692307;-36.15636967584044
99;23;9.0;m100;6.433333333333334;7.059738802568724;-8.011775141415683;S;7.059738802568724;0.7307692307692307;-8.011775141415683
100;23;10.0;m100;6.433333333333334;-0.1337785457832879;-25.389244980272622;V;-0.1337785457832879;0.7307692307692307;-25.389244980272622
101;23;11.0;m100;6.433333333333334;0.42573799414614133;-26.852096787580535;V;0.42573799414614133;0.7307692307692307;-26.852096787580535
102;23;12.0;m100;6.433333333333334;0.8076337971385472;-28.138350656815646;V;0.8076337971385472;0.7307692307692307;-28.138350656815646
103;23;13.0;m100;6.433333333333334;1.0481722520678842;-23.019045620645556;V;1.0481722520678842;0.7307692307692307;-23.019045620645556
104;23;14.0;m100;6.433333333333334;;;S;;0.7307692307692307;
105;23;15.0;m100;6.433333333333334;0.938106270562814;-27.55007716851651;V;0.938106270562814;0.7307692307692307;-27.55007716851651
106;23;16.0;m100;6.433333333333334;2.5128730104278847;-32.656416985968974;V;2.5128730104278847;0.7307692307692307;-32.656416985968974
107;23;17.0;m100;6.433333333333334;0.08272324531421171;-25.951868714791658;B;0.08272324531421171;0.7307692307692307;-25.951868714791658
108;23;18.0;m100;6.433333333333334;0.6090958718839422;-27.560172544414286;Gr;0.6090958718839422;0.7307692307692307;-27.560172544414286
109;23;19.0;m100;6.433333333333334;0.4248829195594457;-26.762246967464705;V;0.4248829195594457;0.7307692307692307;-26.762246967464705
110;23;20.0;m100;6.433333333333334;3.0827225693421743;-33.39267351589564;V;3.0827225693421743;0.7307692307692307;-33.39267351589564
111;23;21.0;m100;6.433333333333334;1.0924100962217176;-28.77672639207293;V;1.0924100962217176;0.7307692307692307;-28.77672639207293
112;23;22.0;m100;6.433333333333334;6.9207699976105355;-35.9549057431708;S;6.9207699976105355;0.7307692307692307;-35.9549057431708
113;23;23.0;m100;6.433333333333334;1.4550511067841092;-29.30300762828699;V;1.4550511067841092;0.7307692307692307;-29.30300762828699
114;23;24.0;m100;6.433333333333334;0.32667594220017576;-26.429401054963876;pB;0.32667594220017576;0.7307692307692307;-26.429401054963876
115;23;25.0;m100;6.433333333333334;0.16254445997980588;-25.524772118081614;V;0.16254445997980588;0.7307692307692307;-25.524772118081614
116;23;26.0;m100;6.433333333333334;-0.9083850026357214;-23.946622658077104;V;-0.9083850026357214;0.7307692307692307;-23.946622658077104
117;24;17.0;p100;3.6333333333333333;-0.5179744239701658;-0.41562018377123877;Gr;0.5179744239701658;0.6818181818181818;0.41562018377123877
118;24;18.0;p100;3.6333333333333333;-0.5645033890973978;26.01784366484725;V;0.5645033890973978;0.6818181818181818;-26.01784366484725
119;24;19.0;p100;3.6333333333333333;0.014038153954807385;33.98587267101033;Cr;-0.014038153954807385;0.6818181818181818;-33.98587267101033
120;24;20.0;p100;3.6333333333333333;-0.6272439710569258;22.436970594767388;pB;0.6272439710569258;0.6818181818181818;-22.436970594767388
121;24;21.0;p100;3.6333333333333333;0.6776940082702929;35.76541366693681;S;-0.6776940082702929;0.6818181818181818;-35.76541366693681
122;24;22.0;p100;3.6333333333333333;-0.8594435820643801;22.260184303666335;pB;0.8594435820643801;0.6818181818181818;-22.260184303666335
123;27;7.0;m100;3.5666666666666664;-1.084907519477702;-24.471636196309646;pB;-1.084907519477702;1.0;-24.471636196309646
124;27;8.0;m100;3.5666666666666664;-0.05569824226223474;-25.440221979754767;pB;-0.05569824226223474;1.0;-25.440221979754767
125;27;9.0;m100;3.5666666666666664;-0.16519977233419192;-26.243201415072292;pB;-0.16519977233419192;1.0;-26.243201415072292
126;27;10.0;m100;3.5666666666666664;0.708012262539498;-29.210372725553725;V;0.708012262539498;1.0;-29.210372725553725
127;27;11.0;m100;3.5666666666666664;0.03264361362576335;-25.29480023714791;V;0.03264361362576335;1.0;-25.29480023714791
128;27;12.0;m100;3.5666666666666664;2.3378544531241423;-31.637713451006846;V;2.3378544531241423;1.0;-31.637713451006846
129;31;13.0;m100;3.8;-0.6726408169695531;-21.14310919056237;V;-0.6726408169695531;0.42857142857142855;-21.14310919056237
130;31;14.0;m100;3.8;-1.080076556162516;-19.533984377952663;Gr;-1.080076556162516;0.42857142857142855;-19.533984377952663
131;31;15.0;m100;3.8;-0.541668024081614;-21.980786862941358;Gr;-0.541668024081614;0.42857142857142855;-21.980786862941358
132;31;16.0;m100;3.8;0.026502444448341378;-25.975478442009972;Gr;0.026502444448341378;0.42857142857142855;-25.975478442009972
133;31;17.0;m100;3.8;-0.9604920769271952;-20.14086014480867;Gr;-0.9604920769271952;0.42857142857142855;-20.14086014480867
134;31;18.0;m100;3.8;-0.718814817459331;-21.857337557195564;V;-0.718814817459331;0.42857142857142855;-21.857337557195564
135;31;19.0;m100;3.8;0.7513086697804074;-30.943009761147096;Gr;0.7513086697804074;0.42857142857142855;-30.943009761147096
136;31;20.0;m100;3.8;-0.2630727647876694;-23.125781106170024;V;-0.2630727647876694;0.42857142857142855;-23.125781106170024
137;31;21.0;m100;3.8;-0.2915891058819377;-20.74571523991807;V;-0.2915891058819377;0.42857142857142855;-20.74571523991807
138;36;11.0;p100;3.7333333333333334;-1.4580788621311929;21.842594219206376;V;1.4580788621311929;0.5172413793103449;-21.842594219206376
139;36;12.0;p100;3.7333333333333334;-1.5607738087400205;23.20987099020823;V;1.5607738087400205;0.5172413793103449;-23.20987099020823
140;36;13.0;p100;3.7333333333333334;-0.8922713317313291;18.31377430666737;Gr;0.8922713317313291;0.5172413793103449;-18.31377430666737
141;36;14.0;p100;3.7333333333333334;-0.913793697746754;28.094360619433985;V;0.913793697746754;0.5172413793103449;-28.094360619433985
142;36;15.0;p100;3.7333333333333334;-0.22702539778132907;22.896754157236558;Gr;0.22702539778132907;0.5172413793103449;-22.896754157236558
143;36;16.0;p100;3.7333333333333334;0.013970647345737304;32.15172762856622;Gr;-0.013970647345737304;0.5172413793103449;-32.15172762856622
144;36;17.0;p100;3.7333333333333334;0.04231113949668072;29.883394156944632;Cr;-0.04231113949668072;0.5172413793103449;-29.883394156944632
145;36;18.0;p100;3.7333333333333334;-0.959655123655214;26.334608146474693;V;0.959655123655214;0.5172413793103449;-26.334608146474693
146;36;19.0;p100;3.7333333333333334;-0.8343337987266368;28.475444686305877;pB;0.8343337987266368;0.5172413793103449;-28.475444686305877
147;36;20.0;p100;3.7333333333333334;1.7954998222034835;32.014557996356984;V;-1.7954998222034835;0.5172413793103449;-32.014557996356984
148;36;21.0;p100;3.7333333333333334;0.13950785997810852;28.40729070492233;V;-0.13950785997810852;0.5172413793103449;-28.40729070492233
149;36;22.0;p100;3.7333333333333334;1.1381361511896522;-1.0653911837694068;S;-1.1381361511896522;0.5172413793103449;1.0653911837694068
150;36;23.0;p100;3.7333333333333334;-0.6224878291224051;29.295232481366327;Gr;0.6224878291224051;0.5172413793103449;-29.295232481366327
151;36;24.0;p100;3.7333333333333334;-0.21912083800381424;30.93155845936218;Gr;0.21912083800381424;0.5172413793103449;-30.93155845936218
152;36;25.0;p100;3.7333333333333334;0.6392197819490083;35.7635829205596;Gr;-0.6392197819490083;0.5172413793103449;-35.7635829205596
153;36;26.0;p100;3.7333333333333334;-0.38304003813014653;28.870038569579947;Gr;0.38304003813014653;0.5172413793103449;-28.870038569579947
154;36;27.0;p100;3.7333333333333334;0.14979497116976973;25.174314492641713;pB;-0.14979497116976973;0.5172413793103449;-25.174314492641713
155;36;28.0;p100;3.7333333333333334;-1.0611355602439212;27.181772214657997;V;1.0611355602439212;0.5172413793103449;-27.181772214657997
156;36;29.0;p100;3.7333333333333334;-1.335573702540533;17.970878739420925;V;1.335573702540533;0.5172413793103449;-17.970878739420925
157;38;9.0;p100;6.4;0.2320603259578775;32.22398736321361;S;-0.2320603259578775;0.6071428571428571;-32.22398736321361
158;38;10.0;p100;6.4;-0.12581598235155086;26.599972854700468;Gr;0.12581598235155086;0.6071428571428571;-26.599972854700468
159;38;11.0;p100;6.4;-0.4707099630096529;22.733373675108396;V;0.4707099630096529;0.6071428571428571;-22.733373675108396
160;38;12.0;p100;6.4;-1.0334433887915973;23.29169240516461;V;1.0334433887915973;0.6071428571428571;-23.29169240516461
161;38;13.0;p100;6.4;-1.2155526748970624;22.0758608219665;V;1.2155526748970624;0.6071428571428571;-22.0758608219665
162;38;14.0;p100;6.4;-0.971103920409977;24.293865147198176;L;0.971103920409977;0.6071428571428571;-24.293865147198176
163;38;15.0;p100;6.4;-1.0226757195198752;15.281580886912963;V;1.0226757195198752;0.6071428571428571;-15.281580886912963
164;38;16.0;p100;6.4;-0.8400349914922759;25.31950862986173;V;0.8400349914922759;0.6071428571428571;-25.31950862986173
165;38;17.0;p100;6.4;0.669857841674225;6.10735403251789;L;-0.669857841674225;0.6071428571428571;-6.10735403251789
166;38;18.0;p100;6.4;0.596084313642163;34.3028475653345;L;-0.596084313642163;0.6071428571428571;-34.3028475653345
167;38;19.0;p100;6.4;2.204084860252995;41.46761779651422;Gr;-2.204084860252995;0.6071428571428571;-41.46761779651422
168;38;20.0;p100;6.4;-1.1681981618041963;21.78700943660772;pB;1.1681981618041963;0.6071428571428571;-21.78700943660772
169;38;21.0;p100;6.4;-1.2460412656601805;22.111619518080857;pB;1.2460412656601805;0.6071428571428571;-22.111619518080857
170;38;22.0;p100;6.4;-1.0921100301480315;24.043792576896777;pB;1.0921100301480315;0.6071428571428571;-24.043792576896777
171;38;23.0;p100;6.4;-1.0990970171900674;22.72388825767419;pB;1.0990970171900674;0.6071428571428571;-22.72388825767419
172;38;24.0;p100;6.4;-1.332017004006142;21.196453245423157;pB;1.332017004006142;0.6071428571428571;-21.196453245423157
173;38;25.0;p100;6.4;-0.9096801669117114;22.80922588077715;Gr;0.9096801669117114;0.6071428571428571;-22.80922588077715
174;38;26.0;p100;6.4;-0.819957225556433;24.09431419176758;pB;0.819957225556433;0.6071428571428571;-24.09431419176758
175;38;27.0;p100;6.4;-1.1353328251289205;21.720899849205864;pB;1.1353328251289205;0.6071428571428571;-21.720899849205864
176;38;28.0;p100;6.4;-0.8226064423812455;23.812683867701026;V;0.8226064423812455;0.6071428571428571;-23.812683867701026
177;45;8.0;p100;6.4;-0.48586294222386334;26.36590360748096;pB;0.48586294222386334;1.0;-26.36590360748096
178;45;9.0;p100;6.4;-0.6027421352774865;27.407111671801886;V;0.6027421352774865;1.0;-27.407111671801886
179;45;10.0;p100;6.4;-0.45122940039160714;27.451771382263814;V;0.45122940039160714;1.0;-27.451771382263814
180;45;11.0;p100;6.4;-0.8914264819141976;22.177141560798134;pB;0.8914264819141976;1.0;-22.177141560798134
181;45;12.0;p100;6.4;-0.875505054837048;26.223955119438642;pB;0.875505054837048;1.0;-26.223955119438642
182;45;13.0;p100;6.4;-0.1578286300878686;24.451054263817923;pB;0.1578286300878686;1.0;-24.451054263817923
183;45;14.0;p100;6.4;0.16101860590286748;28.905490760294867;pB;-0.16101860590286748;1.0;-28.905490760294867
184;45;15.0;p100;6.4;-0.1482508268009514;27.70717100728308;pB;0.1482508268009514;1.0;-27.70717100728308
185;47;13.0;m100;6.3;0.04869663562363396;-11.626816195686615;V;0.04869663562363396;0.5416666666666666;-11.626816195686615
186;47;14.0;m100;6.3;0.7858606001084241;-12.888893524883485;V;0.7858606001084241;0.5416666666666666;-12.888893524883485
187;47;15.0;m100;6.3;0.6315837535735614;-13.098367892225838;Gr;0.6315837535735614;0.5416666666666666;-13.098367892225838
188;47;16.0;m100;6.3;-0.2976153219325095;-11.484064658506156;Gr;-0.2976153219325095;0.5416666666666666;-11.484064658506156
189;47;17.0;m100;6.3;0.9641175478263239;-14.808150285179693;pB;0.9641175478263239;0.5416666666666666;-14.808150285179693
190;47;18.0;m100;6.3;0.9512604548552517;-15.921512948105317;V;0.9512604548552517;0.5416666666666666;-15.921512948105317
191;47;19.0;m100;6.3;0.8670109518594362;-11.865541895330693;L;0.8670109518594362;0.5416666666666666;-11.865541895330693
192;47;20.0;m100;6.3;0.6514650062354334;-12.68791750569369;V;0.6514650062354334;0.5416666666666666;-12.68791750569369
193;47;21.0;m100;6.3;-0.4944830086943528;-11.820061612153012;V;-0.4944830086943528;0.5416666666666666;-11.820061612153012
194;47;22.0;m100;6.3;-0.2572343300437319;-10.207885911851974;V;-0.2572343300437319;0.5416666666666666;-10.207885911851974
195;47;23.0;m100;6.3;0.9610586725007383;-12.576210790578557;Gr;0.9610586725007383;0.5416666666666666;-12.576210790578557
196;47;24.0;m100;6.3;0.27048067185877145;-11.655038048950644;V;0.27048067185877145;0.5416666666666666;-11.655038048950644
197;52;7.0;m100;6.3;-0.25571878954990046;-13.653800041886143;Gr;-0.25571878954990046;0.631578947368421;-13.653800041886143
198;52;8.0;m100;6.3;-0.14842354368577804;-13.705580480368837;S;-0.14842354368577804;0.631578947368421;-13.705580480368837
199;52;9.0;m100;6.3;-1.2323384504200543;-9.209305841595494;V;-1.2323384504200543;0.631578947368421;-9.209305841595494
200;52;10.0;m100;6.3;-0.5824782095981581;-12.783973880097903;L;-0.5824782095981581;0.631578947368421;-12.783973880097903
201;52;11.0;m100;6.3;-0.3268925724321092;-14.265526050369601;V;-0.3268925724321092;0.631578947368421;-14.265526050369601
202;52;12.0;m100;6.3;1.2188826802371067;-17.997976297559603;Gr;1.2188826802371067;0.631578947368421;-17.997976297559603
203;52;13.0;m100;6.3;1.2267601692371297;-20.12528765097136;V;1.2267601692371297;0.631578947368421;-20.12528765097136
204;52;14.0;m100;6.3;-0.18565670738730697;-8.936268332223278;V;-0.18565670738730697;0.631578947368421;-8.936268332223278
205;52;15.0;m100;6.3;-0.8977533018235049;-11.004715627174079;B;-0.8977533018235049;0.631578947368421;-11.004715627174079
206;52;16.0;m100;6.3;0.026847667255571552;-12.613192179013083;V;0.026847667255571552;0.631578947368421;-12.613192179013083
207;52;17.0;m100;6.3;-0.6637501958175278;-12.61962572141016;V;-0.6637501958175278;0.631578947368421;-12.61962572141016
208;52;18.0;m100;6.3;-0.535879915394568;-13.191211343691236;V;-0.535879915394568;0.631578947368421;-13.191211343691236
209;52;19.0;m100;6.3;-0.7143734439841256;41.06397439775776;V;-0.7143734439841256;0.631578947368421;41.06397439775776
210;56;20.0;p100;6.333333333333333;0.6387568630049479;18.033770265326382;Gr;-0.6387568630049479;0.4857142857142857;-18.033770265326382
211;56;21.0;p100;6.333333333333333;-0.41352140129595205;12.55355373929575;V;0.41352140129595205;0.4857142857142857;-12.55355373929575
212;56;22.0;p100;6.333333333333333;-1.0387708680503038;10.701732456574007;V;1.0387708680503038;0.4857142857142857;-10.701732456574007
213;56;23.0;p100;6.333333333333333;;;Gr;;0.4857142857142857;
214;56;24.0;p100;6.333333333333333;-0.42908559602537816;12.18472221806212;Gr;0.42908559602537816;0.4857142857142857;-12.18472221806212
215;56;25.0;p100;6.333333333333333;0.5073729545669543;13.729182098366095;V;-0.5073729545669543;0.4857142857142857;-13.729182098366095
216;56;26.0;p100;6.333333333333333;1.4411243375079794;14.871088567062657;pB;-1.4411243375079794;0.4857142857142857;-14.871088567062657
217;56;27.0;p100;6.333333333333333;0.3987368370828622;16.337425912437766;Gr;-0.3987368370828622;0.4857142857142857;-16.337425912437766
218;56;28.0;p100;6.333333333333333;-0.3942570828377811;12.351472203475566;V;0.3942570828377811;0.4857142857142857;-12.351472203475566
219;56;29.0;p100;6.333333333333333;-0.7442258472875585;13.065693464675917;V;0.7442258472875585;0.4857142857142857;-13.065693464675917
220;56;30.0;p100;6.333333333333333;0.492505602744634;13.202757956611833;V;-0.492505602744634;0.4857142857142857;-13.202757956611833
221;56;31.0;p100;6.333333333333333;4.929801445331417;20.17387345207038;V;-4.929801445331417;0.4857142857142857;-20.17387345207038
222;56;32.0;p100;6.333333333333333;2.5926796430382395;15.809523946623244;pB;-2.5926796430382395;0.4857142857142857;-15.809523946623244
223;56;33.0;p100;6.333333333333333;3.235937434494042;17.112954488331525;S;-3.235937434494042;0.4857142857142857;-17.112954488331525
224;56;34.0;p100;6.333333333333333;0.37192980948410337;13.069925199618694;V;-0.37192980948410337;0.4857142857142857;-13.069925199618694
225;56;35.0;p100;6.333333333333333;-0.15337007753090176;13.231117906690884;pB;0.15337007753090176;0.4857142857142857;-13.231117906690884
226;58;31.0;p100;6.5;0.5822326124104418;13.548350333740075;V;-0.5822326124104418;0.8405797101449275;-13.548350333740075
227;58;32.0;p100;6.5;3.2366726828565593;16.690328298817462;V;-3.2366726828565593;0.8405797101449275;-16.690328298817462
228;58;33.0;p100;6.5;0.11629084438495939;13.106903712068174;V;-0.11629084438495939;0.8405797101449275;-13.106903712068174
229;58;34.0;p100;6.5;0.9289050632908521;14.9624420407726;V;-0.9289050632908521;0.8405797101449275;-14.9624420407726
230;58;35.0;p100;6.5;0.6562416036745863;15.270812514505963;Gr;-0.6562416036745863;0.8405797101449275;-15.270812514505963
231;58;36.0;p100;6.5;-0.263539063926707;14.743680644442577;Gr;0.263539063926707;0.8405797101449275;-14.743680644442577
232;58;37.0;p100;6.5;-0.45672816622831913;12.547801267511886;V;0.45672816622831913;0.8405797101449275;-12.547801267511886
233;58;38.0;p100;6.5;1.6123547214812668;14.259805695158661;V;-1.6123547214812668;0.8405797101449275;-14.259805695158661
234;58;39.0;p100;6.5;0.17932519010173412;14.554112972664427;V;-0.17932519010173412;0.8405797101449275;-14.554112972664427
235;58;40.0;p100;6.5;1.0778314734458847;14.759487715310058;Gr;-1.0778314734458847;0.8405797101449275;-14.759487715310058
236;58;41.0;p100;6.5;0.23325214384881127;13.937173132786484;V;-0.23325214384881127;0.8405797101449275;-13.937173132786484
237;58;42.0;p100;6.5;-0.5927434569743291;11.88753632363364;V;0.5927434569743291;0.8405797101449275;-11.88753632363364
238;58;43.0;p100;6.5;0.5323958022166141;15.960056653423123;Gr;-0.5323958022166141;0.8405797101449275;-15.960056653423123
239;58;44.0;p100;6.5;-0.47187906966529614;12.842180408942113;V;0.47187906966529614;0.8405797101449275;-12.842180408942113
240;58;45.0;p100;6.5;-0.48583658342029207;12.866763663946074;V;0.48583658342029207;0.8405797101449275;-12.866763663946074
241;58;46.0;p100;6.5;-0.6379136721280455;12.124351421098197;V;0.6379136721280455;0.8405797101449275;-12.124351421098197
242;58;47.0;p100;6.5;0.23628510026307079;14.177450916478278;Gr;-0.23628510026307079;0.8405797101449275;-14.177450916478278
243;58;48.0;p100;6.5;-0.9445184560864385;11.030254303832919;V;0.9445184560864385;0.8405797101449275;-11.030254303832919
244;58;49.0;p100;6.5;-0.15901874429545418;12.402218606390306;V;0.15901874429545418;0.8405797101449275;-12.402218606390306
245;58;50.0;p100;6.5;-0.032288442279457465;12.489052126231229;V;0.032288442279457465;0.8405797101449275;-12.489052126231229
246;58;51.0;p100;6.5;-0.6300079836760667;11.96667695279001;V;0.6300079836760667;0.8405797101449275;-11.96667695279001
247;58;52.0;p100;6.5;0.01811021750284841;12.561669520360113;V;-0.01811021750284841;0.8405797101449275;-12.561669520360113
248;58;53.0;p100;6.5;-0.26859821003671197;12.807278559008296;V;0.26859821003671197;0.8405797101449275;-12.807278559008296
249;58;54.0;p100;6.5;-0.7265488733376888;6.913557738792065;V;0.7265488733376888;0.8405797101449275;-6.913557738792065
250;58;55.0;p100;6.5;-0.7430616575472515;11.078155681059968;V;0.7430616575472515;0.8405797101449275;-11.078155681059968
251;58;56.0;p100;6.5;0.1281336066658392;16.199734834975345;Gr;-0.1281336066658392;0.8405797101449275;-16.199734834975345
252;58;57.0;p100;6.5;-0.4911339270902503;12.574616582561362;V;0.4911339270902503;0.8405797101449275;-12.574616582561362
253;58;58.0;p100;6.5;-0.4947325103447985;12.424288238900942;V;0.4947325103447985;0.8405797101449275;-12.424288238900942
254;58;59.0;p100;6.5;-0.45835016280315966;11.828336531518175;V;0.45835016280315966;0.8405797101449275;-11.828336531518175
255;58;60.0;p100;6.5;-0.49913259871059057;10.645145521468748;V;0.49913259871059057;0.8405797101449275;-10.645145521468748
256;58;61.0;p100;6.5;-0.7359902145468229;10.633168064497966;V;0.7359902145468229;0.8405797101449275;-10.633168064497966
257;58;62.0;p100;6.5;1.2586426723001094;14.119610709354731;V;-1.2586426723001094;0.8405797101449275;-14.119610709354731
258;58;63.0;p100;6.5;0.8500641373191454;10.01247401089313;V;-0.8500641373191454;0.8405797101449275;-10.01247401089313
259;58;64.0;p100;6.5;-0.7849994128541263;5.507025886288716;V;0.7849994128541263;0.8405797101449275;-5.507025886288716
260;58;65.0;p100;6.5;1.8592582409736973;15.946312165739528;V;-1.8592582409736973;0.8405797101449275;-15.946312165739528
261;58;66.0;p100;6.5;-0.450731671276838;12.687975059241523;pB;0.450731671276838;0.8405797101449275;-12.687975059241523
262;58;67.0;p100;6.5;-0.216122051431378;13.250540968828659;V;0.216122051431378;0.8405797101449275;-13.250540968828659
263;58;68.0;p100;6.5;-0.20594262783044673;12.783310651192096;pB;0.20594262783044673;0.8405797101449275;-12.783310651192096
264;58;69.0;p100;6.5;-0.12130803053525951;13.391372670901887;pB;0.12130803053525951;0.8405797101449275;-13.391372670901887
265;61;13.0;m100;3.6;0.13039852752231526;-13.19951103924194;V;0.13039852752231526;0.6666666666666666;-13.19951103924194
266;61;14.0;m100;3.6;-1.589294299727948;0.050333840015667874;Gr;-1.589294299727948;0.6666666666666666;0.050333840015667874
267;61;15.0;m100;3.6;0.5475231873669355;-13.301583189476219;Cr;0.5475231873669355;0.6666666666666666;-13.301583189476219
268;61;16.0;m100;3.6;1.3611352560728127;-14.290344768196803;Cr;1.3611352560728127;0.6666666666666666;-14.290344768196803
269;61;17.0;m100;3.6;1.8882622091883399;-16.106901178147666;Cr;1.8882622091883399;0.6666666666666666;-16.106901178147666
270;61;18.0;m100;3.6;1.7454751947791545;-14.797873814243474;Cr;1.7454751947791545;0.6666666666666666;-14.797873814243474
271;61;19.0;m100;3.6;-0.15117697384451875;0.5276573837631418;V;-0.15117697384451875;0.6666666666666666;0.5276573837631418
272;61;20.0;m100;3.6;2.570224376168299;-1.4698091236602409;S;2.570224376168299;0.6666666666666666;-1.4698091236602409
273;61;21.0;m100;3.6;1.017299379756748;-13.873866965204911;pB;1.017299379756748;0.6666666666666666;-13.873866965204911
274;61;22.0;m100;3.6;0.8530159259505342;-14.082361994180872;S;0.8530159259505342;0.6666666666666666;-14.082361994180872
275;61;23.0;m100;3.6;0.5811018661353575;-13.169026851782917;V;0.5811018661353575;0.6666666666666666;-13.169026851782917
276;61;24.0;m100;3.6;0.28237739017397767;0.13735964593450944;pB;0.28237739017397767;0.6666666666666666;0.13735964593450944
277;61;25.0;m100;3.6;2.2921857274596635;-17.159595769973578;V;2.2921857274596635;0.6666666666666666;-17.159595769973578
278;61;26.0;m100;3.6;-0.25101887661034683;-12.66930057130702;B;-0.25101887661034683;0.6666666666666666;-12.66930057130702
279;61;27.0;m100;3.6;-0.2582944997286402;0.03224278962943572;V;-0.2582944997286402;0.6666666666666666;0.03224278962943572
280;61;28.0;m100;3.6;1.9695808954939664;1.5685196185153814;V;1.9695808954939664;0.6666666666666666;1.5685196185153814
281;61;29.0;m100;3.6;0.21155667032038256;-13.49557409713475;L;0.21155667032038256;0.6666666666666666;-13.49557409713475
282;61;30.0;m100;3.6;-0.7398086267648422;-12.279262209723242;V;-0.7398086267648422;0.6666666666666666;-12.279262209723242
283;61;31.0;m100;3.6;0.9761601515984311;-14.41326034262164;L;0.9761601515984311;0.6666666666666666;-14.41326034262164
284;61;32.0;m100;3.6;0.48627844509837415;-12.977187246929134;V;0.48627844509837415;0.6666666666666666;-12.977187246929134
285;61;33.0;m100;3.6;-0.27213177843645253;-12.902417065060376;V;-0.27213177843645253;0.6666666666666666;-12.902417065060376
286;61;34.0;m100;3.6;0.8871207949357784;-14.326735956786592;V;0.8871207949357784;0.6666666666666666;-14.326735956786592
287;61;35.0;m100;3.6;2.2243435062201953;-6.09628847399199;Cr;2.2243435062201953;0.6666666666666666;-6.09628847399199
288;61;36.0;m100;3.6;0.3621425919694476;-13.573730112400938;pB;0.3621425919694476;0.6666666666666666;-13.573730112400938
289;61;37.0;m100;3.6;1.4644791906353116;0.5151058424613097;V;1.4644791906353116;0.6666666666666666;0.5151058424613097
290;61;38.0;m100;3.6;1.1893317105122851;-2.1655509641473714;Cr;1.1893317105122851;0.6666666666666666;-2.1655509641473714
291;61;39.0;m100;3.6;-0.31688246495191774;-13.012084886988248;B;-0.31688246495191774;0.6666666666666666;-13.012084886988248
292;66;11.0;p100;3.7333333333333334;0.2094922867630937;14.21957537267059;V;-0.2094922867630937;1.0;-14.21957537267059
293;66;12.0;p100;3.7333333333333334;-0.045638791313906885;14.056834457664536;pB;0.045638791313906885;1.0;-14.056834457664536
294;66;13.0;p100;3.7333333333333334;-0.6884119707949772;13.122037228093859;V;0.6884119707949772;1.0;-13.122037228093859
295;66;14.0;p100;3.7333333333333334;1.3085424427441512;10.295220923284148;pB;-1.3085424427441512;1.0;-10.295220923284148
296;66;15.0;p100;3.7333333333333334;1.0041806924304397;14.75862307270313;pB;-1.0041806924304397;1.0;-14.75862307270313
297;66;16.0;p100;3.7333333333333334;0.2785815649246456;14.2555646765515;pB;-0.2785815649246456;1.0;-14.2555646765515
298;66;17.0;p100;3.7333333333333334;-0.3396548130856718;8.505230973694836;pB;0.3396548130856718;1.0;-8.505230973694836
299;66;18.0;p100;3.7333333333333334;0.2138706339498336;14.288751499105217;pB;-0.2138706339498336;1.0;-14.288751499105217
300;68;16.0;m100;6.1;1.0980300066333235;-18.087763073516726;S;1.0980300066333235;0.6;-18.087763073516726
301;68;17.0;m100;6.1;3.311998190957309;-22.818143892461535;V;3.311998190957309;0.6;-22.818143892461535
302;68;18.0;m100;6.1;0.37916477713577057;-16.47732263370449;V;0.37916477713577057;0.6;-16.47732263370449
303;68;19.0;m100;6.1;-0.7526132107696348;-12.973534177472516;V;-0.7526132107696348;0.6;-12.973534177472516
304;68;20.0;m100;6.1;-1.1142575208237087;-10.91969789466242;V;-1.1142575208237087;0.6;-10.91969789466242
305;69;10.0;m100;6.133333333333334;-0.2698453658388249;-11.185674304062331;B;-0.2698453658388249;0.9565217391304348;-11.185674304062331
306;69;11.0;m100;6.133333333333334;-0.08453634578533374;0.008824995646307343;B;-0.08453634578533374;0.9565217391304348;0.008824995646307343
307;69;12.0;m100;6.133333333333334;-0.9240688859974736;-3.6056343968671456;pB;-0.9240688859974736;0.9565217391304348;-3.6056343968671456
308;69;13.0;m100;6.133333333333334;-0.9273621144270433;-11.421051106233847;B;-0.9273621144270433;0.9565217391304348;-11.421051106233847
309;69;14.0;m100;6.133333333333334;-0.571910933916578;-11.61571137871394;B;-0.571910933916578;0.9565217391304348;-11.61571137871394
310;69;15.0;m100;6.133333333333334;1.8000075108165703;-15.47904550767879;V;1.8000075108165703;0.9565217391304348;-15.47904550767879
311;69;16.0;m100;6.133333333333334;3.8072890294852204;-17.344319007939532;V;3.8072890294852204;0.9565217391304348;-17.344319007939532
312;69;17.0;m100;6.133333333333334;-0.3681190627343191;-11.81296950455058;V;-0.3681190627343191;0.9565217391304348;-11.81296950455058
313;69;18.0;m100;6.133333333333334;0.9018040807612006;-13.386638181497347;V;0.9018040807612006;0.9565217391304348;-13.386638181497347
314;69;19.0;m100;6.133333333333334;-0.18739109908160362;-9.940213947863413;V;-0.18739109908160362;0.9565217391304348;-9.940213947863413
315;69;20.0;m100;6.133333333333334;4.2287431911703;-17.905208025754746;V;4.2287431911703;0.9565217391304348;-17.905208025754746
316;69;21.0;m100;6.133333333333334;4.255970153241541;-10.49602242191611;V;4.255970153241541;0.9565217391304348;-10.49602242191611
317;69;22.0;m100;6.133333333333334;-0.3608517651865282;-12.397510746034442;V;-0.3608517651865282;0.9565217391304348;-12.397510746034442
318;69;23.0;m100;6.133333333333334;-0.6553753372264649;-11.640837825880993;V;-0.6553753372264649;0.9565217391304348;-11.640837825880993
319;70;13.0;p100;6.333333333333333;-0.8321793661805871;12.927229407121615;V;0.8321793661805871;0.7307692307692307;-12.927229407121615
320;70;14.0;p100;6.333333333333333;-0.8052049293415814;12.892423256309769;V;0.8052049293415814;0.7307692307692307;-12.892423256309769
321;70;15.0;p100;6.333333333333333;-0.9181889006694303;11.427816057672885;V;0.9181889006694303;0.7307692307692307;-11.427816057672885
322;70;16.0;p100;6.333333333333333;-0.8866203256204929;8.865569139330091;L;0.8866203256204929;0.7307692307692307;-8.865569139330091
323;70;17.0;p100;6.333333333333333;-0.30993954047139566;15.22273643591194;L;0.30993954047139566;0.7307692307692307;-15.22273643591194
324;70;18.0;p100;6.333333333333333;-0.951740485397195;10.134441665647273;V;0.951740485397195;0.7307692307692307;-10.134441665647273
325;70;19.0;p100;6.333333333333333;-0.1635907533895553;15.210607161462235;L;0.1635907533895553;0.7307692307692307;-15.210607161462235
326;70;20.0;p100;6.333333333333333;1.1280305339416716;19.988941632195235;V;-1.1280305339416716;0.7307692307692307;-19.988941632195235
327;70;21.0;p100;6.333333333333333;-0.8349779528253154;10.314355533617743;V;0.8349779528253154;0.7307692307692307;-10.314355533617743
328;70;22.0;p100;6.333333333333333;1.1283288790584896;19.234860589839343;S;-1.1283288790584896;0.7307692307692307;-19.234860589839343
329;70;23.0;p100;6.333333333333333;-0.7503531506176232;13.462004838818075;V;0.7503531506176232;0.7307692307692307;-13.462004838818075
330;70;24.0;p100;6.333333333333333;0.1970181814386553;10.257488478103255;L;-0.1970181814386553;0.7307692307692307;-10.257488478103255
331;70;25.0;p100;6.333333333333333;-0.7456157659746809;13.031789289522806;V;0.7456157659746809;0.7307692307692307;-13.031789289522806
332;70;26.0;p100;6.333333333333333;-0.7610015268607784;0.11873554510782469;L;0.7610015268607784;0.7307692307692307;-0.11873554510782469
333;71;9.0;p100;3.8333333333333335;-1.394771539311347;11.884755762281145;V;1.394771539311347;0.95;-11.884755762281145
334;71;10.0;p100;3.8333333333333335;2.2249886162273933;16.10625934305932;V;-2.2249886162273933;0.95;-16.10625934305932
335;71;11.0;p100;3.8333333333333335;-0.4591823521242859;13.153710480312782;pB;0.4591823521242859;0.95;-13.153710480312782
336;71;12.0;p100;3.8333333333333335;-0.5904783236582837;13.00622726782774;V;0.5904783236582837;0.95;-13.00622726782774
337;71;13.0;p100;3.8333333333333335;-1.3989086067887102;12.084291302845259;pB;1.3989086067887102;0.95;-12.084291302845259
338;71;14.0;p100;3.8333333333333335;-2.565019162383701;11.02742927800125;V;2.565019162383701;0.95;-11.02742927800125
339;71;15.0;p100;3.8333333333333335;-0.8434588082017773;12.012097942536343;V;0.8434588082017773;0.95;-12.012097942536343
340;71;16.0;p100;3.8333333333333335;0.2865418028125606;13.86103829142337;V;-0.2865418028125606;0.95;-13.86103829142337
341;71;17.0;p100;3.8333333333333335;1.6334104332513493;15.211634161331176;V;-1.6334104332513493;0.95;-15.211634161331176
342;71;18.0;p100;3.8333333333333335;-0.10244685876581792;13.9142234492503;pB;0.10244685876581792;0.95;-13.9142234492503
343;71;19.0;p100;3.8333333333333335;-1.531919478333535;11.384760457973613;V;1.531919478333535;0.95;-11.384760457973613
344;71;20.0;p100;3.8333333333333335;-1.4704912196573041;12.003195325207827;pB;1.4704912196573041;0.95;-12.003195325207827
345;72;11.0;m100;6.5;-0.9326269002539376;-12.017543578636207;V;-0.9326269002539376;0.65;-12.017543578636207
346;72;12.0;m100;6.5;-0.7065313306937407;-2.9508724183078243;V;-0.7065313306937407;0.65;-2.9508724183078243
347;72;13.0;m100;6.5;-1.0688968803185284;-11.75052019968399;V;-1.0688968803185284;0.65;-11.75052019968399
348;72;14.0;m100;6.5;-2.132611226206196;-6.568237807666009;Gr;-2.132611226206196;0.65;-6.568237807666009
349;72;15.0;m100;6.5;-0.5904821709606506;-11.995819498608682;Gr;-0.5904821709606506;0.65;-11.995819498608682
350;72;16.0;m100;6.5;1.1944044370075242;-53.52483831816852;Gr;1.1944044370075242;0.65;-53.52483831816852
351;72;17.0;m100;6.5;0.18418934101513113;-4.005963181063009;V;0.18418934101513113;0.65;-4.005963181063009
352;72;18.0;m100;6.5;5.053293829437462;-8.224949374834466;V;5.053293829437462;0.65;-8.224949374834466
353;72;19.0;m100;6.5;-1.1937221181151316;-8.091836229824821;V;-1.1937221181151316;0.65;-8.091836229824821
354;72;20.0;m100;6.5;-0.857941598571279;-13.114262392295018;Gr;-0.857941598571279;0.65;-13.114262392295018
355;74;12.0;p100;6.333333333333333;-0.7047794582378261;12.711846311643058;V;0.7047794582378261;0.7916666666666666;-12.711846311643058
356;74;13.0;p100;6.333333333333333;-1.3311967857761793;10.836309379045701;V;1.3311967857761793;0.7916666666666666;-10.836309379045701
357;74;14.0;p100;6.333333333333333;-0.7733378088115416;5.206918156286349;pB;0.7733378088115416;0.7916666666666666;-5.206918156286349
358;74;15.0;p100;6.333333333333333;0.6094870418833574;17.190348396950924;B;-0.6094870418833574;0.7916666666666666;-17.190348396950924
359;74;16.0;p100;6.333333333333333;-0.8810124057171227;13.373235902358488;B;0.8810124057171227;0.7916666666666666;-13.373235902358488
360;74;17.0;p100;6.333333333333333;-0.6619732059214208;13.75467497765726;V;0.6619732059214208;0.7916666666666666;-13.75467497765726
361;74;18.0;p100;6.333333333333333;0.09942176787354036;16.50899261721713;V;-0.09942176787354036;0.7916666666666666;-16.50899261721713
362;74;19.0;p100;6.333333333333333;0.7445466799527374;17.833190474687967;S;-0.7445466799527374;0.7916666666666666;-17.833190474687967
363;74;20.0;p100;6.333333333333333;1.5994207799985345;15.717069777983681;S;-1.5994207799985345;0.7916666666666666;-15.717069777983681
364;74;21.0;p100;6.333333333333333;0.13696305388595004;13.34820276268249;V;-0.13696305388595004;0.7916666666666666;-13.34820276268249
365;74;22.0;p100;6.333333333333333;0.7815266602553345;15.231607511705363;B;-0.7815266602553345;0.7916666666666666;-15.231607511705363
366;74;23.0;p100;6.333333333333333;-0.9009933553876084;13.517510615392837;V;0.9009933553876084;0.7916666666666666;-13.517510615392837
367;74;24.0;p100;6.333333333333333;-0.5134139753790138;14.475558454473742;V;0.5134139753790138;0.7916666666666666;-14.475558454473742
368;77;9.0;m100;6.0;-0.8952300231865048;-12.82264299999838;pB;-0.8952300231865048;1.0;-12.82264299999838
369;77;10.0;m100;6.0;-1.6598538509477345;-10.527598270799729;V;-1.6598538509477345;1.0;-10.527598270799729
370;77;11.0;m100;6.0;-0.08735796869059229;-9.558313138762173;B;-0.08735796869059229;1.0;-9.558313138762173
371;77;12.0;m100;6.0;0.5056960921206656;-17.546000934941958;pB;0.5056960921206656;1.0;-17.546000934941958
372;77;13.0;m100;6.0;1.244373353540846;-20.290212289942417;V;1.244373353540846;1.0;-20.290212289942417
373;77;14.0;m100;6.0;0.48868024537740806;-16.40960117994547;V;0.48868024537740806;1.0;-16.40960117994547
374;77;15.0;m100;6.0;0.9553489233491648;-18.686413669209458;V;0.9553489233491648;1.0;-18.686413669209458
375;77;16.0;m100;6.0;-1.2459891367689766;-12.003644669174832;B;-1.2459891367689766;1.0;-12.003644669174832
376;77;17.0;m100;6.0;-1.521739632436037;-11.538991316306692;V;-1.521739632436037;1.0;-11.538991316306692
377;77;18.0;m100;6.0;-0.3565031031389295;-13.560574210321477;V;-0.3565031031389295;1.0;-13.560574210321477
378;77;19.0;m100;6.0;-0.02129393968039409;-14.67774084415504;V;-0.02129393968039409;1.0;-14.67774084415504
379;77;20.0;m100;6.0;-0.9493450986263158;-14.121115315883003;V;-0.9493450986263158;1.0;-14.121115315883003
380;77;21.0;m100;6.0;0.3890592790037506;-16.438342542439273;pB;0.3890592790037506;1.0;-16.438342542439273
381;78;9.0;p100;6.3;-0.38285676932794;13.536739885483314;V;0.38285676932794;0.9411764705882353;-13.536739885483314
382;78;10.0;p100;6.3;-0.0932008098035564;14.084906519920139;V;0.0932008098035564;0.9411764705882353;-14.084906519920139
383;78;11.0;p100;6.3;0.532657108846104;15.987056315137806;V;-0.532657108846104;0.9411764705882353;-15.987056315137806
384;78;12.0;p100;6.3;-0.9264511437707815;8.37446241671114;V;0.9264511437707815;0.9411764705882353;-8.37446241671114
385;78;13.0;p100;6.3;0.22975348558374742;13.583609390206504;Gr;-0.22975348558374742;0.9411764705882353;-13.583609390206504
386;78;14.0;p100;6.3;-0.19804716976902342;13.957088716751628;B;0.19804716976902342;0.9411764705882353;-13.957088716751628
387;78;15.0;p100;6.3;-0.41901054492258316;13.866509293656009;V;0.41901054492258316;0.9411764705882353;-13.866509293656009
388;78;16.0;p100;6.3;-0.3553262432180376;13.276586987202961;V;0.3553262432180376;0.9411764705882353;-13.276586987202961
389;78;17.0;p100;6.3;1.3647221245647299;15.949564271546137;V;-1.3647221245647299;0.9411764705882353;-15.949564271546137
390;81;7.0;p100;6.2;6.682362607170124;10.956505817736058;Cr;-6.682362607170124;0.8333333333333334;-10.956505817736058
391;81;8.0;p100;6.2;8.902697166072407;0.14813985030593813;V;-8.902697166072407;0.8333333333333334;-0.14813985030593813
392;81;9.0;p100;6.2;1.2650408375579525;13.765211195629774;B;-1.2650408375579525;0.8333333333333334;-13.765211195629774
393;81;10.0;p100;6.2;1.7258531479854375;14.593606432103456;V;-1.7258531479854375;0.8333333333333334;-14.593606432103456
394;81;11.0;p100;6.2;0.2535965207831844;13.286670409609485;V;-0.2535965207831844;0.8333333333333334;-13.286670409609485
395;81;12.0;p100;6.2;-0.8077608345055124;12.539036076628975;V;0.8077608345055124;0.8333333333333334;-12.539036076628975
396;88;7.0;p100;6.0;0.4436481682318049;9.009880996140396;L;-0.4436481682318049;0.95;-9.009880996140396
397;88;8.0;p100;6.0;-0.8621354404013848;10.378889746496782;B;0.8621354404013848;0.95;-10.378889746496782
398;88;9.0;p100;6.0;-0.08172731197565163;11.806469812973091;B;0.08172731197565163;0.95;-11.806469812973091
399;88;10.0;p100;6.0;-0.33735258471751917;11.269502980931065;V;0.33735258471751917;0.95;-11.269502980931065
400;88;11.0;p100;6.0;-0.4075457431456029;10.655037497054451;B;0.4075457431456029;0.95;-10.655037497054451
401;88;12.0;p100;6.0;-0.1752995375715891;12.777369085415415;V;0.1752995375715891;0.95;-12.777369085415415
402;88;13.0;p100;6.0;0.16295764120131034;11.591702934130012;B;-0.16295764120131034;0.95;-11.591702934130012
403;88;14.0;p100;6.0;-0.4771772084790556;11.24074008370161;B;0.4771772084790556;0.95;-11.24074008370161
404;88;15.0;p100;6.0;-0.2598266261870868;9.97085889614587;B;0.2598266261870868;0.95;-9.97085889614587
405;88;16.0;p100;6.0;-0.5332408057145783;11.414543043957423;B;0.5332408057145783;0.95;-11.414543043957423
406;88;17.0;p100;6.0;0.2762035296013602;4.864004959801093;B;-0.2762035296013602;0.95;-4.864004959801093
407;88;18.0;p100;6.0;0.07867324952394424;12.67231114254571;B;-0.07867324952394424;0.95;-12.67231114254571
408;88;19.0;p100;6.0;-0.5607418337769878;11.501166758433698;V;0.5607418337769878;0.95;-11.501166758433698
409;88;20.0;p100;6.0;-0.8183672937113121;12.144847169919046;B;0.8183672937113121;0.95;-12.144847169919046
410;90;14.0;m100;5.933333333333334;-0.7340628026979321;-2.0186820588230034;pB;-0.7340628026979321;0.9354838709677419;-2.0186820588230034
411;90;15.0;m100;5.933333333333334;-0.923378377042592;-10.57075304668021;V;-0.923378377042592;0.9354838709677419;-10.57075304668021
412;90;16.0;m100;5.933333333333334;1.2640798259026405;-11.85355421529772;B;1.2640798259026405;0.9354838709677419;-11.85355421529772
413;90;17.0;m100;5.933333333333334;1.178778091840829;-11.310259123951937;V;1.178778091840829;0.9354838709677419;-11.310259123951937
414;90;18.0;m100;5.933333333333334;-0.0101366424405808;-10.98641096619059;V;-0.0101366424405808;0.9354838709677419;-10.98641096619059
415;90;19.0;m100;5.933333333333334;0.31600852151038256;-9.260351594168611;L;0.31600852151038256;0.9354838709677419;-9.260351594168611
416;90;20.0;m100;5.933333333333334;-0.166224457150439;-0.19345173089342893;V;-0.166224457150439;0.9354838709677419;-0.19345173089342893
417;90;21.0;m100;5.933333333333334;1.569482480829678;-12.00228498958603;V;1.569482480829678;0.9354838709677419;-12.00228498958603
418;90;22.0;m100;5.933333333333334;-0.49008587431539935;-10.514558222508441;V;-0.49008587431539935;0.9354838709677419;-10.514558222508441
419;90;23.0;m100;5.933333333333334;1.9453329773952468;-5.731744083521221;V;1.9453329773952468;0.9354838709677419;-5.731744083521221
420;90;24.0;m100;5.933333333333334;7.511982062695943;-8.413526325479893;V;7.511982062695943;0.9354838709677419;-8.413526325479893
421;90;25.0;m100;5.933333333333334;0.41160240773817663;-12.05680499489074;pB;0.41160240773817663;0.9354838709677419;-12.05680499489074
422;90;26.0;m100;5.933333333333334;1.4405499043723036;-13.7103199383115;pB;1.4405499043723036;0.9354838709677419;-13.7103199383115
423;90;27.0;m100;5.933333333333334;4.655218418960666;-15.446676254280874;V;4.655218418960666;0.9354838709677419;-15.446676254280874
424;90;28.0;m100;5.933333333333334;12.36472726348656;-17.628406878288786;V;12.36472726348656;0.9354838709677419;-17.628406878288786
425;90;29.0;m100;5.933333333333334;-0.6627595662235329;-11.551212509603687;V;-0.6627595662235329;0.9354838709677419;-11.551212509603687
426;90;30.0;m100;5.933333333333334;-1.229695330576565;-11.011354344667353;V;-1.229695330576565;0.9354838709677419;-11.011354344667353
427;90;31.0;m100;5.933333333333334;-1.5232970110193627;-8.945260289371248;B;-1.5232970110193627;0.9354838709677419;-8.945260289371248
428;91;10.0;m100;6.0;2.178783604422091;-14.40628570782809;V;2.178783604422091;0.9411764705882353;-14.40628570782809
429;91;11.0;m100;6.0;-0.3494524617745894;-11.601353746650261;V;-0.3494524617745894;0.9411764705882353;-11.601353746650261
430;91;12.0;m100;6.0;-1.4012993789651014;0.011144661154105506;V;-1.4012993789651014;0.9411764705882353;0.011144661154105506
431;91;13.0;m100;6.0;-0.9227367727937634;-5.423911860550817;V;-0.9227367727937634;0.9411764705882353;-5.423911860550817
432;91;14.0;m100;6.0;4.083817252306028;-19.05497288917411;Cr;4.083817252306028;0.9411764705882353;-19.05497288917411
433;91;15.0;m100;6.0;-0.2542788080638747;-0.35490132496869364;V;-0.2542788080638747;0.9411764705882353;-0.35490132496869364
434;91;16.0;m100;6.0;2.493444843262104;-5.855159602653771;V;2.493444843262104;0.9411764705882353;-5.855159602653771
435;91;17.0;m100;6.0;0.7195934525948886;-0.05932163576756011;V;0.7195934525948886;0.9411764705882353;-0.05932163576756011
436;92;10.0;m100;5.766666666666667;-0.7112633870267285;-11.949464663937704;V;-0.7112633870267285;1.0;-11.949464663937704
437;92;11.0;m100;5.766666666666667;-0.3232055036534646;-12.178871409462317;V;-0.3232055036534646;1.0;-12.178871409462317
438;92;12.0;m100;5.766666666666667;-0.47664362110073083;-12.077521701666797;V;-0.47664362110073083;1.0;-12.077521701666797
439;92;13.0;m100;5.766666666666667;-0.9078966518355326;-11.167090917616832;V;-0.9078966518355326;1.0;-11.167090917616832
440;92;14.0;m100;5.766666666666667;0.02187457729249904;-7.779947477374094;V;0.02187457729249904;1.0;-7.779947477374094
441;92;15.0;m100;5.766666666666667;0.31826880606117053;-13.418124569915904;V;0.31826880606117053;1.0;-13.418124569915904
442;92;16.0;m100;5.766666666666667;-0.9226692292777634;-2.570922806000283;V;-0.9226692292777634;1.0;-2.570922806000283
443;92;17.0;m100;5.766666666666667;0.3645612726112695;-12.609889949248952;V;0.3645612726112695;1.0;-12.609889949248952
444;92;18.0;m100;5.766666666666667;0.19293477466278047;-13.464976294497603;V;0.19293477466278047;1.0;-13.464976294497603
445;92;19.0;m100;5.766666666666667;-0.7162624711230204;-13.19928830743197;V;-0.7162624711230204;1.0;-13.19928830743197
446;92;20.0;m100;5.766666666666667;0.07208917274905823;-12.375971397019498;V;0.07208917274905823;1.0;-12.375971397019498
447;94;11.0;m100;3.466666666666667;0.3346235374288668;-8.457033041531588;V;0.3346235374288668;0.4782608695652174;-8.457033041531588
448;94;12.0;m100;3.466666666666667;-0.08176101546677826;-8.918677349273764;Gr;-0.08176101546677826;0.4782608695652174;-8.918677349273764
449;94;13.0;m100;3.466666666666667;-0.4453402342754991;-10.962377971074943;Gr;-0.4453402342754991;0.4782608695652174;-10.962377971074943
450;94;14.0;m100;3.466666666666667;-0.6682090416386067;-10.714320638151463;Gr;-0.6682090416386067;0.4782608695652174;-10.714320638151463
451;94;15.0;m100;3.466666666666667;-0.40788253726763163;-11.41609577238225;pB;-0.40788253726763163;0.4782608695652174;-11.41609577238225
452;94;16.0;m100;3.466666666666667;0.14711065599917694;-13.022796048782027;Gr;0.14711065599917694;0.4782608695652174;-13.022796048782027
453;94;17.0;m100;3.466666666666667;0.2692648095580075;-3.6226002568820945;pB;0.2692648095580075;0.4782608695652174;-3.6226002568820945
454;94;18.0;m100;3.466666666666667;0.1562200025601475;1.7653661023295513;Cr;0.1562200025601475;0.4782608695652174;1.7653661023295513
455;94;19.0;m100;3.466666666666667;2.215790238342547;-36.18119030177496;V;2.215790238342547;0.4782608695652174;-36.18119030177496
456;94;20.0;m100;3.466666666666667;4.1849667578388505;-4.3742854901784085;Gr;4.1849667578388505;0.4782608695652174;-4.3742854901784085
457;94;21.0;m100;3.466666666666667;-0.27120317401311766;-11.229904478953074;pB;-0.27120317401311766;0.4782608695652174;-11.229904478953074
458;94;22.0;m100;3.466666666666667;0.13103369461643252;-10.912404954988062;Gr;0.13103369461643252;0.4782608695652174;-10.912404954988062
459;94;23.0;m100;3.466666666666667;-0.4421357235619806;-5.788607965370801;pB;-0.4421357235619806;0.4782608695652174;-5.788607965370801
460;96;8.0;m100;3.8666666666666667;-1.730385785240949;-0.08316483571610434;Gr;-1.730385785240949;0.7083333333333334;-0.08316483571610434
461;96;9.0;m100;3.8666666666666667;0.4302712760889262;0.45706189470513436;V;0.4302712760889262;0.7083333333333334;0.45706189470513436
462;96;10.0;m100;3.8666666666666667;0.02281705059469494;-0.3430970602274215;pB;0.02281705059469494;0.7083333333333334;-0.3430970602274215
463;96;11.0;m100;3.8666666666666667;-0.819060229804261;-10.946074964426941;Gr;-0.819060229804261;0.7083333333333334;-10.946074964426941
464;96;12.0;m100;3.8666666666666667;-0.608699672260943;-11.110303940786679;V;-0.608699672260943;0.7083333333333334;-11.110303940786679
465;96;13.0;m100;3.8666666666666667;-0.9873332264106731;-11.306124600650008;V;-0.9873332264106731;0.7083333333333334;-11.306124600650008
466;96;14.0;m100;3.8666666666666667;-1.4199701224520014;-11.093232079225686;V;-1.4199701224520014;0.7083333333333334;-11.093232079225686
467;96;15.0;m100;3.8666666666666667;-0.8364565683498191;-11.06694656673099;Gr;-0.8364565683498191;0.7083333333333334;-11.06694656673099
468;96;16.0;m100;3.8666666666666667;-0.5058696205085434;-11.443288925632999;pB;-0.5058696205085434;0.7083333333333334;-11.443288925632999
469;96;17.0;m100;3.8666666666666667;-0.43217138643414466;-11.900263526954092;V;-0.43217138643414466;0.7083333333333334;-11.900263526954092
470;96;18.0;m100;3.8666666666666667;-0.7103395142034605;-10.740336348929617;Gr;-0.7103395142034605;0.7083333333333334;-10.740336348929617
471;96;19.0;m100;3.8666666666666667;3.5952843099534735;-14.22468160344664;pB;3.5952843099534735;0.7083333333333334;-14.22468160344664
472;96;20.0;m100;3.8666666666666667;-0.38287362594374547;-11.227031343267441;V;-0.38287362594374547;0.7083333333333334;-11.227031343267441
473;96;21.0;m100;3.8666666666666667;0.4296252867551051;-12.608601686397833;Gr;0.4296252867551051;0.7083333333333334;-12.608601686397833
474;96;22.0;m100;3.8666666666666667;0.4496800043357425;-12.11736904110586;V;0.4496800043357425;0.7083333333333334;-12.11736904110586
475;96;23.0;m100;3.8666666666666667;-0.7575733160817281;-8.75147138905433;Gr;-0.7575733160817281;0.7083333333333334;-8.75147138905433
476;96;24.0;m100;3.8666666666666667;0.18055274412362998;-12.084201294468471;pB;0.18055274412362998;0.7083333333333334;-12.084201294468471
477;99;11.0;p100;3.6;-0.3005188444010824;3.777611582005136;V;0.3005188444010824;0.6818181818181818;-3.777611582005136
478;99;12.0;p100;3.6;0.10465328320966918;5.119420510469979;V;-0.10465328320966918;0.6818181818181818;-5.119420510469979
479;99;13.0;p100;3.6;-0.29234251025171953;2.504100282289585;V;0.29234251025171953;0.6818181818181818;-2.504100282289585
480;99;14.0;p100;3.6;0.09414921242259375;15.162300813588956;V;-0.09414921242259375;0.6818181818181818;-15.162300813588956
481;99;15.0;p100;3.6;1.1556932968134932;17.572886552236355;V;-1.1556932968134932;0.6818181818181818;-17.572886552236355
482;99;16.0;p100;3.6;-0.6636859909357599;-0.09556697908013234;V;0.6636859909357599;0.6818181818181818;0.09556697908013234
483;99;17.0;p100;3.6;0.7542354607483641;18.09827682456455;V;-0.7542354607483641;0.6818181818181818;-18.09827682456455
484;99;18.0;p100;3.6;0.02342825517176048;14.722740039973417;V;-0.02342825517176048;0.6818181818181818;-14.722740039973417
485;99;19.0;p100;3.6;-0.0001650776453702608;14.24540699677192;V;0.0001650776453702608;0.6818181818181818;-14.24540699677192
486;99;20.0;p100;3.6;-0.07808312059903919;-6.703204201424285;V;0.07808312059903919;0.6818181818181818;6.703204201424285
487;99;21.0;p100;3.6;-0.06542912404263056;13.526304535067766;Cr;0.06542912404263056;0.6818181818181818;-13.526304535067766
488;99;22.0;p100;3.6;-1.1544726992673233;8.98492671937737;Gr;1.1544726992673233;0.6818181818181818;-8.98492671937737
489;100;14.0;m100;3.6333333333333333;-0.32126703463751444;-11.357425866256449;Gr;-0.32126703463751444;0.7083333333333334;-11.357425866256449
490;100;15.0;m100;3.6333333333333333;-0.45395422275339764;-11.536339958974452;V;-0.45395422275339764;0.7083333333333334;-11.536339958974452
491;100;16.0;m100;3.6333333333333333;-0.5765704783996747;-9.581037424889217;V;-0.5765704783996747;0.7083333333333334;-9.581037424889217
492;100;17.0;m100;3.6333333333333333;;;V;;0.7083333333333334;
493;100;18.0;m100;3.6333333333333333;0.03269759007284666;-13.864188511400755;V;0.03269759007284666;0.7083333333333334;-13.864188511400755
494;100;19.0;m100;3.6333333333333333;0.9257852540850106;-10.567035274995362;V;0.9257852540850106;0.7083333333333334;-10.567035274995362
495;100;20.0;m100;3.6333333333333333;-0.4894782459953923;-10.99663291145501;V;-0.4894782459953923;0.7083333333333334;-10.99663291145501
496;100;21.0;m100;3.6333333333333333;2.71233659307021;-18.872358978371153;Cr;2.71233659307021;0.7083333333333334;-18.872358978371153
497;100;22.0;m100;3.6333333333333333;0.7071973197076674;-15.027290654047874;Gr;0.7071973197076674;0.7083333333333334;-15.027290654047874
498;100;23.0;m100;3.6333333333333333;0.09110728081825593;-13.352814301053343;V;0.09110728081825593;0.7083333333333334;-13.352814301053343
499;100;24.0;m100;3.6333333333333333;0.24489612041503722;0.015587401792288347;V;0.24489612041503722;0.7083333333333334;0.015587401792288347
500;103;11.0;p100;3.666666667;1.0904383711993753;15.300798661828253;S;-1.0904383711993753;0.6086956521739131;-15.300798661828253
501;103;12.0;p100;3.666666667;2.377535636314575;25.30616626067399;Gr;-2.377535636314575;0.6086956521739131;-25.30616626067399
502;103;13.0;p100;3.666666667;0.08736555700423985;14.0039564621149;V;-0.08736555700423985;0.6086956521739131;-14.0039564621149
503;103;14.0;p100;3.666666667;-0.22079091000770856;11.730028068325339;L;0.22079091000770856;0.6086956521739131;-11.730028068325339
504;103;15.0;p100;3.666666667;2.0831185130159353;20.852278879565688;B;-2.0831185130159353;0.6086956521739131;-20.852278879565688
505;103;16.0;p100;3.666666667;-0.38301181257441536;11.231825239889673;V;0.38301181257441536;0.6086956521739131;-11.231825239889673
506;103;17.0;p100;3.666666667;-0.059678905738230446;12.810249480954838;V;0.059678905738230446;0.6086956521739131;-12.810249480954838
507;103;18.0;p100;3.666666667;-0.41813145874622837;11.046263591867586;pB;0.41813145874622837;0.6086956521739131;-11.046263591867586
508;103;19.0;p100;3.666666667;-0.428030619870985;11.43680272155649;V;0.428030619870985;0.6086956521739131;-11.43680272155649
509;103;20.0;p100;3.666666667;;;Gr;;0.6086956521739131;
510;103;21.0;p100;3.666666667;-0.3893178538009355;11.445444600008727;pB;0.3893178538009355;0.6086956521739131;-11.445444600008727
511;103;22.0;p100;3.666666667;-0.4640030705548575;10.97423999113849;V;0.4640030705548575;0.6086956521739131;-10.97423999113849
512;103;23.0;p100;3.666666667;-0.0978656543247509;11.779723308586426;V;0.0978656543247509;0.6086956521739131;-11.779723308586426
513;118;9.0;m100;4.033333333333333;0.7344256536219769;-20.657605897031203;L;0.7344256536219769;0.5263157894736842;-20.657605897031203
514;118;10.0;m100;4.033333333333333;0.5658977442217128;0.025083600829020725;L;0.5658977442217128;0.5263157894736842;0.025083600829020725
515;118;11.0;m100;4.033333333333333;;;L;;0.5263157894736842;
516;118;12.0;m100;4.033333333333333;-0.2513005245897846;-9.869911166830889;L;-0.2513005245897846;0.5263157894736842;-9.869911166830889
517;118;13.0;m100;4.033333333333333;-0.7361100482037113;-6.967578262567827;L;-0.7361100482037113;0.5263157894736842;-6.967578262567827
518;118;14.0;m100;4.033333333333333;-0.7911480922356363;-10.09464332198064;pB;-0.7911480922356363;0.5263157894736842;-10.09464332198064
519;118;15.0;m100;4.033333333333333;-0.6790395478124018;-7.7600611077348844;pB;-0.6790395478124018;0.5263157894736842;-7.7600611077348844
520;118;16.0;m100;4.033333333333333;-0.7984035561427588;-12.25272246931533;pB;-0.7984035561427588;0.5263157894736842;-12.25272246931533
521;118;17.0;m100;4.033333333333333;-1.0900353562710867;-9.87307215667704;pB;-1.0900353562710867;0.5263157894736842;-9.87307215667704
522;118;18.0;m100;4.033333333333333;-0.9296852353051697;-0.18149942190032675;pB;-0.9296852353051697;0.5263157894736842;-0.18149942190032675
523;118;19.0;m100;4.033333333333333;-1.105992144376905;-0.041729156566617576;V;-1.105992144376905;0.5263157894736842;-0.041729156566617576
524;119;10.0;p100;3.9;-0.5041767285323506;-4.342237079441134;L;0.5041767285323506;0.45454545454545453;4.342237079441134
525;119;11.0;p100;3.9;-2.215535358311761;11.46534450291341;V;2.215535358311761;0.45454545454545453;-11.46534450291341
526;119;12.0;p100;3.9;-0.5084677559152516;13.913236823428747;L;0.5084677559152516;0.45454545454545453;-13.913236823428747
527;119;13.0;p100;3.9;-0.3148370006251767;6.991759915511523;L;0.3148370006251767;0.45454545454545453;-6.991759915511523
528;119;14.0;p100;3.9;-0.0635604639093146;12.960502824201967;L;0.0635604639093146;0.45454545454545453;-12.960502824201967
529;119;15.0;p100;3.9;2.2478714653570515;16.47147246886084;L;-2.2478714653570515;0.45454545454545453;-16.47147246886084
530;119;16.0;p100;3.9;-0.9317923458698454;12.998899742733784;L;0.9317923458698454;0.45454545454545453;-12.998899742733784
531;119;17.0;p100;3.9;1.295857293215098;15.943238117225292;V;-1.295857293215098;0.45454545454545453;-15.943238117225292
532;119;18.0;p100;3.9;-1.1472906760458064;12.593202076450666;pB;1.1472906760458064;0.45454545454545453;-12.593202076450666
533;119;19.0;p100;3.9;-0.5015079522770144;12.524474362399587;V;0.5015079522770144;0.45454545454545453;-12.524474362399587
534;119;20.0;p100;3.9;0.07817643019035815;14.908111878101806;L;-0.07817643019035815;0.45454545454545453;-14.908111878101806
535;119;21.0;p100;3.9;2.4703781448434254;17.01326798120141;L;-2.4703781448434254;0.45454545454545453;-17.01326798120141
536;119;22.0;p100;3.9;-0.8364104727520563;12.875788757105965;L;0.8364104727520563;0.45454545454545453;-12.875788757105965
537;120;14.0;m100;3.5666666666666664;1.6350502475383641;-5.122892654960879;V;1.6350502475383641;1.0;-5.122892654960879
538;120;15.0;m100;3.5666666666666664;0.9966609248939797;-4.737928587465092;pB;0.9966609248939797;1.0;-4.737928587465092
539;120;16.0;m100;3.5666666666666664;-0.7250374009812607;-0.2631621759704217;V;-0.7250374009812607;1.0;-0.2631621759704217
540;120;17.0;m100;3.5666666666666664;0.5087458376566127;-13.153280036819524;V;0.5087458376566127;1.0;-13.153280036819524
541;120;18.0;m100;3.5666666666666664;0.8559993743345218;-14.897966828000563;V;0.8559993743345218;1.0;-14.897966828000563
542;120;19.0;m100;3.5666666666666664;-0.49204217829872154;-11.754031125579758;V;-0.49204217829872154;1.0;-11.754031125579758
543;120;20.0;m100;3.5666666666666664;-0.4731141322675123;-10.727068280676804;pB;-0.4731141322675123;1.0;-10.727068280676804
544;120;21.0;m100;3.5666666666666664;-0.318751947874231;-11.445374621064474;pB;-0.318751947874231;1.0;-11.445374621064474
545;120;22.0;m100;3.5666666666666664;0.15250357234361578;-12.57055259640589;V;0.15250357234361578;1.0;-12.57055259640589
546;120;23.0;m100;3.5666666666666664;1.5750601097127783;-15.047991710371889;pB;1.5750601097127783;1.0;-15.047991710371889
547;120;24.0;m100;3.5666666666666664;1.284607927672424;-14.257667813392061;V;1.284607927672424;1.0;-14.257667813392061
548;120;25.0;m100;3.5666666666666664;0.3282392540249674;-14.529002267228748;pB;0.3282392540249674;1.0;-14.529002267228748
549;120;26.0;m100;3.5666666666666664;-0.07970861753215921;-12.629400245262502;V;-0.07970861753215921;1.0;-12.629400245262502
550;125;6.0;p100;4.333333333333333;-0.7992864911705894;13.043406192214832;pB;0.7992864911705894;0.9230769230769231;-13.043406192214832
551;125;7.0;p100;4.333333333333333;0.021502848569145708;15.130717391140934;V;-0.021502848569145708;0.9230769230769231;-15.130717391140934
552;125;8.0;p100;4.333333333333333;-2.413021337240359;11.199552175300767;pB;2.413021337240359;0.9230769230769231;-11.199552175300767
553;125;9.0;p100;4.333333333333333;-2.595551667665618;-0.19135219207055343;pB;2.595551667665618;0.9230769230769231;0.19135219207055343
554;125;10.0;p100;4.333333333333333;-2.2807361924018625;-0.13122268455623498;pB;2.2807361924018625;0.9230769230769231;0.13122268455623498
555;125;11.0;p100;4.333333333333333;-1.6874517683938082;8.238087282537663;V;1.6874517683938082;0.9230769230769231;-8.238087282537663
556;125;12.0;p100;4.333333333333333;-1.7599823539550765;12.538059357012173;pB;1.7599823539550765;0.9230769230769231;-12.538059357012173
557;125;13.0;p100;4.333333333333333;-2.4555653989037007;11.119622459730124;pB;2.4555653989037007;0.9230769230769231;-11.119622459730124
558;127;12.0;m100;4.2;-0.7066300412767045;0.06464784905301713;V;-0.7066300412767045;0.96;0.06464784905301713
559;127;13.0;m100;4.2;-0.7448325716019538;-0.4585287757686274;V;-0.7448325716019538;0.96;-0.4585287757686274
560;127;14.0;m100;4.2;2.0579240400920678;-21.462434071259622;V;2.0579240400920678;0.96;-21.462434071259622
561;127;15.0;m100;4.2;-1.0517370625160587;-11.539959054700319;V;-1.0517370625160587;0.96;-11.539959054700319
562;127;16.0;m100;4.2;-0.9080652767918533;-0.7084570403653743;V;-0.9080652767918533;0.96;-0.7084570403653743
563;127;17.0;m100;4.2;-0.8549666964091202;-13.098451453383063;V;-0.8549666964091202;0.96;-13.098451453383063
564;127;18.0;m100;4.2;-1.0506705021354363;-12.300532096751454;pB;-1.0506705021354363;0.96;-12.300532096751454
565;127;19.0;m100;4.2;-1.1024089160872483;-12.057521200705082;V;-1.1024089160872483;0.96;-12.057521200705082
566;127;20.0;m100;4.2;-0.3104752633141556;-8.815453627544628;V;-0.3104752633141556;0.96;-8.815453627544628
567;127;21.0;m100;4.2;2.4071702751136788;-19.8307077776102;V;2.4071702751136788;0.96;-19.8307077776102
568;127;22.0;m100;4.2;-1.1118375579693622;-12.05573934620304;V;-1.1118375579693622;0.96;-12.05573934620304
569;127;23.0;m100;4.2;-1.2541104481704244;-11.129864373100872;V;-1.2541104481704244;0.96;-11.129864373100872
570;127;24.0;m100;4.2;1.399387131366924;-23.126567376729497;V;1.399387131366924;0.96;-23.126567376729497
571;127;25.0;m100;4.2;-1.1107752430090683;-11.846299285922782;V;-1.1107752430090683;0.96;-11.846299285922782
572;129;7.0;p100;3.7333333333333334;-1.7763046829462759;7.48631826329526;V;1.7763046829462759;0.8333333333333334;-7.48631826329526
573;129;8.0;p100;3.7333333333333334;-1.1353498470616528;0.32508100261685513;V;1.1353498470616528;0.8333333333333334;-0.32508100261685513
574;129;9.0;p100;3.7333333333333334;1.1498169075543478;0.4335729655655314;Cr;-1.1498169075543478;0.8333333333333334;-0.4335729655655314
575;129;10.0;p100;3.7333333333333334;0.32128579331098106;13.95507159947556;V;-0.32128579331098106;0.8333333333333334;-13.95507159947556
576;129;11.0;p100;3.7333333333333334;-0.010856509103814487;12.898321322923493;V;0.010856509103814487;0.8333333333333334;-12.898321322923493
577;129;12.0;p100;3.7333333333333334;0.1759978109331553;13.717669872992133;V;-0.1759978109331553;0.8333333333333334;-13.717669872992133
578;129;13.0;p100;3.7333333333333334;0.48326396550125844;14.556141634930668;V;-0.48326396550125844;0.8333333333333334;-14.556141634930668
579;129;14.0;p100;3.7333333333333334;-0.6206370684126066;11.487287796966086;V;0.6206370684126066;0.8333333333333334;-11.487287796966086
580;129;15.0;p100;3.7333333333333334;-0.10890882919734772;7.971068594875419;V;0.10890882919734772;0.8333333333333334;-7.971068594875419
581;129;16.0;p100;3.7333333333333334;-0.9131225136280434;12.095957438147536;V;0.9131225136280434;0.8333333333333334;-12.095957438147536
582;129;17.0;p100;3.7333333333333334;1.2027318742505761;14.054184724498782;V;-1.2027318742505761;0.8333333333333334;-14.054184724498782
583;129;18.0;p100;3.7333333333333334;0.9689873853724472;15.375222585110862;V;-0.9689873853724472;0.8333333333333334;-15.375222585110862
584;130;11.0;p100;3.7666666666666666;-1.9115048990077983;-0.22810182639958043;V;1.9115048990077983;0.8571428571428571;0.22810182639958043
585;130;12.0;p100;3.7666666666666666;-0.7828210868162658;11.14333614209562;V;0.7828210868162658;0.8571428571428571;-11.14333614209562
586;130;13.0;p100;3.7666666666666666;-1.1324475516151788;10.503779572000099;V;1.1324475516151788;0.8571428571428571;-10.503779572000099
587;130;14.0;p100;3.7666666666666666;-0.5820175146313681;5.490750739795942;V;0.5820175146313681;0.8571428571428571;-5.490750739795942
588;133;14.0;m100;4.2;-0.08632998842050627;-14.45788467089642;L;-0.08632998842050627;0.5757575757575758;-14.45788467089642
589;133;15.0;m100;4.2;0.7424802491251534;-17.137212866456878;L;0.7424802491251534;0.5757575757575758;-17.137212866456878
590;133;16.0;m100;4.2;-1.4221281205621925;-10.90798237290187;V;-1.4221281205621925;0.5757575757575758;-10.90798237290187
591;133;17.0;m100;4.2;0.5597349590990908;-15.143561119745982;V;0.5597349590990908;0.5757575757575758;-15.143561119745982
592;133;18.0;m100;4.2;-0.47522888766314275;-13.877199166794696;L;-0.47522888766314275;0.5757575757575758;-13.877199166794696
593;133;19.0;m100;4.2;-1.2713893488512134;-11.371956439548256;V;-1.2713893488512134;0.5757575757575758;-11.371956439548256
594;133;20.0;m100;4.2;0.33790965764114217;-14.9165808958968;L;0.33790965764114217;0.5757575757575758;-14.9165808958968
595;133;21.0;m100;4.2;1.724269304261193;-16.38776162398932;V;1.724269304261193;0.5757575757575758;-16.38776162398932
596;133;22.0;m100;4.2;-1.4165833172015927;-10.751278629272747;V;-1.4165833172015927;0.5757575757575758;-10.751278629272747
597;133;23.0;m100;4.2;-1.327925131191364;-11.37922905987105;V;-1.327925131191364;0.5757575757575758;-11.37922905987105
598;133;24.0;m100;4.2;-0.31085018226827826;-11.871332853580896;L;-0.31085018226827826;0.5757575757575758;-11.871332853580896
599;133;25.0;m100;4.2;3.477325584846777;-16.57411155049124;V;3.477325584846777;0.5757575757575758;-16.57411155049124
600;133;26.0;m100;4.2;0.4213206111483811;-15.009425916331054;L;0.4213206111483811;0.5757575757575758;-15.009425916331054
601;133;27.0;m100;4.2;0.24715558287508277;-15.048617187090258;pB;0.24715558287508277;0.5757575757575758;-15.048617187090258
602;133;28.0;m100;4.2;0.10412429501436442;-14.562565397417245;L;0.10412429501436442;0.5757575757575758;-14.562565397417245
603;133;29.0;m100;4.2;0.9393526367227005;-16.383378109795615;L;0.9393526367227005;0.5757575757575758;-16.383378109795615
604;133;30.0;m100;4.2;1.4158173974414474;-15.712929430577617;V;1.4158173974414474;0.5757575757575758;-15.712929430577617
605;133;31.0;m100;4.2;-0.9026453099732779;-10.643265328237078;V;-0.9026453099732779;0.5757575757575758;-10.643265328237078
606;133;32.0;m100;4.2;-0.71480972478622;-14.159352517355842;V;-0.71480972478622;0.5757575757575758;-14.159352517355842
607;133;33.0;m100;4.2;-0.008924349166842708;-14.049069503881356;pB;-0.008924349166842708;0.5757575757575758;-14.049069503881356
608;134;5.0;m100;3.6333333333333333;2.69445321836331;-15.423639290249184;V;2.69445321836331;1.0;-15.423639290249184
609;134;6.0;m100;3.6333333333333333;7.367878695956118;-21.12208052052108;V;7.367878695956118;1.0;-21.12208052052108
610;134;7.0;m100;3.6333333333333333;2.3389479356718734;-7.0076591448353724;V;2.3389479356718734;1.0;-7.0076591448353724
611;134;8.0;m100;3.6333333333333333;3.2181525291506996;-17.632364863589203;V;3.2181525291506996;1.0;-17.632364863589203
612;134;9.0;m100;3.6333333333333333;-0.240421855552297;-0.6706873022573632;V;-0.240421855552297;1.0;-0.6706873022573632
613;134;10.0;m100;3.6333333333333333;0.5965343901447608;-13.745063668094815;V;0.5965343901447608;1.0;-13.745063668094815
614;134;11.0;m100;3.6333333333333333;1.374556134780501;0.5909099385614809;V;1.374556134780501;1.0;0.5909099385614809
615;134;12.0;m100;3.6333333333333333;0.23720900826811897;-13.737541073233217;pB;0.23720900826811897;1.0;-13.737541073233217
616;134;13.0;m100;3.6333333333333333;7.043352916446141;-21.213428862574915;V;7.043352916446141;1.0;-21.213428862574915
617;148;6.0;p100;3.6;-0.443837644773703;-0.13735337284509797;V;0.443837644773703;0.9565217391304348;0.13735337284509797
618;148;7.0;p100;3.6;-0.8373990810122219;10.374903161587184;V;0.8373990810122219;0.9565217391304348;-10.374903161587184
619;148;8.0;p100;3.6;-0.33290129576600286;13.314910157873044;V;0.33290129576600286;0.9565217391304348;-13.314910157873044
620;148;9.0;p100;3.6;-0.35364860109557367;12.988434754921911;V;0.35364860109557367;0.9565217391304348;-12.988434754921911
621;148;10.0;p100;3.6;0.8530019195098427;-0.18088052345183314;V;-0.8530019195098427;0.9565217391304348;0.18088052345183314
622;148;11.0;p100;3.6;-0.4661808674859011;12.875768195511057;V;0.4661808674859011;0.9565217391304348;-12.875768195511057
623;148;12.0;p100;3.6;-0.7730004356380263;1.0585589913392823;pB;0.7730004356380263;0.9565217391304348;-1.0585589913392823
624;148;13.0;p100;3.6;-0.5762671295029524;11.717444970622012;V;0.5762671295029524;0.9565217391304348;-11.717444970622012
625;148;14.0;p100;3.6;-0.5239631631878869;12.84343073041822;V;0.5239631631878869;0.9565217391304348;-12.84343073041822
626;148;15.0;p100;3.6;0.9206697014151735;-0.2961413496869909;V;-0.9206697014151735;0.9565217391304348;0.2961413496869909
627;148;16.0;p100;3.6;-0.38504595455914103;0.023396780486791613;V;0.38504595455914103;0.9565217391304348;-0.023396780486791613
628;148;17.0;p100;3.6;-0.45546766340588524;0.12002526102293132;V;0.45546766340588524;0.9565217391304348;-0.12002526102293132
629;148;18.0;p100;3.6;-0.5381902493512908;-0.20261182413923962;V;0.5381902493512908;0.9565217391304348;0.20261182413923962
630;148;19.0;p100;3.6;-0.6435451295795129;0.43804446633689054;V;0.6435451295795129;0.9565217391304348;-0.43804446633689054
631;148;20.0;p100;3.6;0.4312471489113365;0.16867872611805979;V;-0.4312471489113365;0.9565217391304348;-0.16867872611805979
632;148;21.0;p100;3.6;0.42737253196325153;-0.8680191381661757;nan;-0.42737253196325153;0.9565217391304348;0.8680191381661757
633;148;22.0;p100;3.6;-0.2974037124702297;13.340750479199414;pB;0.2974037124702297;0.9565217391304348;-13.340750479199414
634;148;23.0;p100;3.6;;;V;;0.9565217391304348;
635;104;15.0;p100;4.0;-0.35233422618296295;15.105257478747774;L;0.35233422618296295;0.2647058823529412;-15.105257478747774
636;104;16.0;p100;4.0;-0.8424809541520433;8.837919026096188;L;0.8424809541520433;0.2647058823529412;-8.837919026096188
637;104;17.0;p100;4.0;-0.3083293847250253;0.7812935079873;L;0.3083293847250253;0.2647058823529412;-0.7812935079873
638;104;18.0;p100;4.0;1.8791599469808897;20.24142949944894;S;-1.8791599469808897;0.2647058823529412;-20.24142949944894
639;104;19.0;p100;4.0;0.2783007323834306;17.52397339005796;L;-0.2783007323834306;0.2647058823529412;-17.52397339005796
640;104;20.0;p100;4.0;0.8258975515712367;18.03120264265567;S;-0.8258975515712367;0.2647058823529412;-18.03120264265567
641;104;21.0;p100;4.0;0.9561147654262663;7.502600472498614;S;-0.9561147654262663;0.2647058823529412;-7.502600472498614
642;104;22.0;p100;4.0;1.2534424538705795;18.757424359315053;S;-1.2534424538705795;0.2647058823529412;-18.757424359315053
643;104;23.0;p100;4.0;-0.9187115332340854;12.686603241317414;pB;0.9187115332340854;0.2647058823529412;-12.686603241317414
644;104;24.0;p100;4.0;-0.017591077663025326;15.13482649343132;S;0.017591077663025326;0.2647058823529412;-15.13482649343132
645;104;25.0;p100;4.0;-0.9732910068542688;12.617724313889767;L;0.9732910068542688;0.2647058823529412;-12.617724313889767
646;104;26.0;p100;4.0;0.14143528780920084;14.582863742502298;L;-0.14143528780920084;0.2647058823529412;-14.582863742502298
647;104;27.0;p100;4.0;2.4930570158683993;22.01520548162091;S;-2.4930570158683993;0.2647058823529412;-22.01520548162091
648;104;28.0;p100;4.0;2.1534836267456114;21.852337839751613;S;-2.1534836267456114;0.2647058823529412;-21.852337839751613
649;104;29.0;p100;4.0;0.8243516735946793;13.075998113017931;L;-0.8243516735946793;0.2647058823529412;-13.075998113017931
650;104;30.0;p100;4.0;0.2142476470833923;16.326217720191096;V;-0.2142476470833923;0.2647058823529412;-16.326217720191096
651;104;31.0;p100;4.0;2.1402706762335773;21.02717340237723;S;-2.1402706762335773;0.2647058823529412;-21.02717340237723
652;104;32.0;p100;4.0;0.16130189405740097;15.883182331553485;S;-0.16130189405740097;0.2647058823529412;-15.883182331553485
653;104;33.0;p100;4.0;-0.0945551685787441;0.7438705953372278;L;0.0945551685787441;0.2647058823529412;-0.7438705953372278
654;104;34.0;p100;4.0;-0.260588645300637;0.2919731259954119;pB;0.260588645300637;0.2647058823529412;-0.2919731259954119
655;110;11.0;m100;3.7333333333333334;-0.8533306541630836;-11.090883518856884;V;-0.8533306541630836;0.9166666666666666;-11.090883518856884
656;110;12.0;m100;3.7333333333333334;-0.5386500293237451;-11.839101380402212;V;-0.5386500293237451;0.9166666666666666;-11.839101380402212
657;110;13.0;m100;3.7333333333333334;1.194893329012633;-15.638181718494081;V;1.194893329012633;0.9166666666666666;-15.638181718494081
658;110;14.0;m100;3.7333333333333334;-0.0821367220953783;-12.649140395937195;V;-0.0821367220953783;0.9166666666666666;-12.649140395937195
659;110;15.0;m100;3.7333333333333334;-1.000684179197511;-11.082849975980224;V;-1.000684179197511;0.9166666666666666;-11.082849975980224
660;110;16.0;m100;3.7333333333333334;4.409857649496672;-18.207923452981447;L;4.409857649496672;0.9166666666666666;-18.207923452981447
661;110;17.0;m100;3.7333333333333334;5.199294250631855;-9.853473546094506;S;5.199294250631855;0.9166666666666666;-9.853473546094506
662;110;18.0;m100;3.7333333333333334;-0.4211440232115729;-12.171526101501968;V;-0.4211440232115729;0.9166666666666666;-12.171526101501968
663;110;19.0;m100;3.7333333333333334;1.6938019696490423;-4.335135294718327;pB;1.6938019696490423;0.9166666666666666;-4.335135294718327
664;110;20.0;m100;3.7333333333333334;2.20524729400336;-16.231926537222762;pB;2.20524729400336;0.9166666666666666;-16.231926537222762
665;110;21.0;m100;3.7333333333333334;2.7238290033607067;-5.6539744729374775;V;2.7238290033607067;0.9166666666666666;-5.6539744729374775
666;110;22.0;m100;3.7333333333333334;-0.3541354853611205;-0.4314974560849123;V;-0.3541354853611205;0.9166666666666666;-0.4314974560849123
667;110;23.0;m100;3.7333333333333334;0.522581354046249;-10.769039225297433;V;0.522581354046249;0.9166666666666666;-10.769039225297433
668;110;24.0;m100;3.7333333333333334;0.9875165755983201;-14.520619260455817;V;0.9875165755983201;0.9166666666666666;-14.520619260455817
